,x,y,month,id
0,0.75,0,2011-01-01,180423
0,1.0,0,2011-01-01,267696
0,1.25,0,2011-01-01,111858
0,0.75,1,2011-01-01,239010
0,1.0,1,2011-01-01,79095
0,1.25,1,2011-01-01,976
0,0.75,2,2011-01-01,241607
0,1.0,2,2011-01-01,6862
0,1.25,2,2011-01-01,12124
0,0.75,3,2011-01-01,190849
0,1.0,3,2011-01-01,165179
0,1.25,3,2011-01-01,105323
0,0.75,4,2011-01-01,29888
0,1.0,4,2011-01-01,225153
0,1.25,4,2011-01-01,211801
0,0.75,5,2011-01-01,132642
0,1.0,5,2011-01-01,195846
0,1.25,5,2011-01-01,248462
0,0.75,6,2011-01-01,218299
0,1.0,6,2011-01-01,178288
0,1.25,6,2011-01-01,61533
0,0.75,7,2011-01-01,15789
0,1.0,7,2011-01-01,113688
0,1.25,7,2011-01-01,78266
0,0.75,8,2011-01-01,206827
0,1.0,8,2011-01-01,217033
0,1.25,8,2011-01-01,138887
0,0.75,9,2011-01-01,248656
0,1.0,9,2011-01-01,158808
0,1.25,9,2011-01-01,44536
0,0.75,10,2011-01-01,228393
0,1.0,10,2011-01-01,80589
0,1.25,10,2011-01-01,44275
0,0.75,11,2011-01-01,131867
0,1.0,11,2011-01-01,174345
0,1.25,11,2011-01-01,232569
0,0.75,12,2011-01-01,171569
0,1.0,12,2011-01-01,268277
0,1.25,12,2011-01-01,144286
0,0.75,13,2011-01-01,106906
0,1.0,13,2011-01-01,258034
0,1.25,13,2011-01-01,28078
0,0.75,14,2011-01-01,17597
0,1.0,14,2011-01-01,102760
0,1.25,14,2011-01-01,236983
0,0.75,15,2011-01-01,168243
0,1.0,15,2011-01-01,33561
0,1.25,15,2011-01-01,51643
0,0.75,16,2011-01-01,280263
0,1.0,16,2011-01-01,261871
0,1.25,16,2011-01-01,170727
0,0.75,17,2011-01-01,12532
0,1.0,17,2011-01-01,117039
0,1.25,17,2011-01-01,279977
0,0.75,18,2011-01-01,65541
0,1.0,18,2011-01-01,239964
0,1.25,18,2011-01-01,3814
0,0.75,19,2011-01-01,255475
0,1.0,19,2011-01-01,177946
0,1.25,19,2011-01-01,283495
0,0.75,20,2011-01-01,145917
0,1.0,20,2011-01-01,111500
0,1.25,20,2011-01-01,182181
0,0.75,21,2011-01-01,278229
0,1.0,21,2011-01-01,143218
0,1.25,21,2011-01-01,4030
0,0.75,22,2011-01-01,136586
0,1.0,22,2011-01-01,241718
0,1.25,22,2011-01-01,68066
0,0.75,23,2011-01-01,91382
0,1.0,23,2011-01-01,115578
0,1.25,23,2011-01-01,189592
0,0.75,24,2011-01-01,278622
0,1.0,24,2011-01-01,276252
0,1.25,24,2011-01-01,1787
0,0.75,25,2011-01-01,236766
0,1.0,25,2011-01-01,267576
0,1.25,25,2011-01-01,6991
0,0.75,26,2011-01-01,65879
0,1.0,26,2011-01-01,123448
0,1.25,26,2011-01-01,281138
0,0.75,27,2011-01-02,10295
0,1.0,27,2011-01-02,80261
0,1.25,27,2011-01-03,195511
0,0.75,28,2011-01-03,49024
0,1.0,28,2011-01-03,205654
0,1.25,28,2011-01-03,132361
0,0.75,29,2011-01-03,26745
0,1.0,29,2011-01-03,276995
0,1.25,29,2011-01-03,88266
0,0.75,30,2011-01-03,5892
0,1.0,30,2011-01-03,269498
0,1.25,30,2011-01-03,176946
0,0.75,31,2011-01-03,165988
0,1.0,31,2011-01-03,92913
0,1.25,31,2011-01-03,71984
0,0.75,32,2011-01-03,190841
0,1.0,32,2011-01-03,243344
0,1.25,32,2011-01-03,64375
0,0.75,33,2011-01-03,101582
0,1.0,33,2011-01-03,157129
0,1.25,33,2011-01-03,51598
0,0.75,34,2011-01-03,195034
0,1.0,34,2011-01-03,18087
0,1.25,34,2011-01-03,132491
0,0.75,35,2011-01-03,98400
0,1.0,35,2011-01-03,168854
0,1.25,35,2011-01-03,100965
0,0.75,36,2011-01-03,118623
0,1.0,36,2011-01-03,195845
0,1.25,36,2011-01-03,253244
0,0.75,37,2011-01-03,63740
0,1.0,37,2011-01-03,223136
0,1.25,37,2011-01-03,246011
0,0.75,38,2011-01-03,141929
0,1.0,38,2011-01-03,99649
0,1.25,38,2011-01-03,73740
0,0.75,39,2011-01-03,115384
0,1.0,39,2011-01-03,98819
0,1.25,39,2011-01-03,95115
0,0.75,40,2011-01-03,70831
0,1.0,40,2011-01-03,114820
0,1.25,40,2011-01-03,85750
0,0.75,41,2011-01-03,254986
0,1.0,41,2011-01-03,189891
0,1.25,41,2011-01-03,134162
0,0.75,42,2011-01-03,243742
0,1.0,42,2011-01-03,236044
0,1.25,42,2011-01-03,184268
0,0.75,43,2011-01-03,253010
0,1.0,43,2011-01-03,179410
0,1.25,43,2011-01-04,282108
0,0.75,44,2011-01-04,234614
0,1.0,44,2011-01-05,284483
0,1.25,44,2011-01-05,44922
0,0.75,45,2011-01-05,60083
0,1.0,45,2011-01-05,50209
0,1.25,45,2011-01-05,69484
0,0.75,46,2011-01-05,15905
0,1.0,46,2011-01-05,220523
0,1.25,46,2011-01-05,37525
0,0.75,47,2011-01-05,37250
0,1.0,47,2011-01-05,243778
0,1.25,47,2011-01-05,238176
0,0.75,48,2011-01-05,74911
0,1.0,48,2011-01-05,20247
0,1.25,48,2011-01-05,85761
0,0.75,49,2011-01-05,18759
0,1.0,49,2011-01-06,264546
0,1.25,49,2011-01-07,177232
0,0.75,50,2011-01-07,62657
0,1.0,50,2011-01-07,70766
0,1.25,50,2011-01-07,34683
0,0.75,51,2011-01-07,132546
0,1.0,51,2011-01-07,34522
0,1.25,51,2011-01-08,254153
0,0.75,52,2011-01-10,230566
0,1.0,52,2011-01-10,156369
0,1.25,52,2011-01-10,163842
0,0.75,53,2011-01-10,285444
0,1.0,53,2011-01-10,64588
0,1.25,53,2011-01-10,145074
0,0.75,54,2011-01-10,285602
0,1.0,54,2011-01-10,226831
0,1.25,54,2011-01-10,161447
0,0.75,55,2011-01-10,247693
0,1.0,55,2011-01-10,70624
0,1.25,55,2011-01-10,120462
0,0.75,56,2011-01-10,163084
0,1.0,56,2011-01-10,228139
0,1.25,56,2011-01-10,133547
0,0.75,57,2011-01-10,125133
0,1.0,57,2011-01-10,888
0,1.25,57,2011-01-10,74115
0,0.75,58,2011-01-10,274735
0,1.0,58,2011-01-10,139334
0,1.25,58,2011-01-10,108702
0,0.75,59,2011-01-10,10745
0,1.0,59,2011-01-10,221973
0,1.25,59,2011-01-10,81200
0,0.75,60,2011-01-10,238859
0,1.0,60,2011-01-10,58069
0,1.25,60,2011-01-10,29541
0,0.75,61,2011-01-11,175452
0,1.0,61,2011-01-11,120355
0,1.25,61,2011-01-12,283513
0,0.75,62,2011-01-12,217819
0,1.0,62,2011-01-12,157762
0,1.25,62,2011-01-12,210098
0,0.75,63,2011-01-13,245318
0,1.0,63,2011-01-13,278986
0,1.25,63,2011-01-13,162099
0,0.75,64,2011-01-14,141240
0,1.0,64,2011-01-14,157056
0,1.25,64,2011-01-14,204954
0,0.75,65,2011-01-14,208158
0,1.0,65,2011-01-14,96153
0,1.25,65,2011-01-14,99169
0,0.75,66,2011-01-14,54655
0,1.0,66,2011-01-14,249015
0,1.25,66,2011-01-14,51905
0,0.75,67,2011-01-14,40674
0,1.0,67,2011-01-14,136972
0,1.25,67,2011-01-15,179630
0,0.75,68,2011-01-15,183596
0,1.0,68,2011-01-15,167957
0,1.25,68,2011-01-15,2322
0,0.75,69,2011-01-15,64221
0,1.0,69,2011-01-15,189617
0,1.25,69,2011-01-17,19160
0,0.75,70,2011-01-17,145251
0,1.0,70,2011-01-17,73891
0,1.25,70,2011-01-17,249012
0,0.75,71,2011-01-17,66681
0,1.0,71,2011-01-17,212289
0,1.25,71,2011-01-17,139303
0,0.75,72,2011-01-17,122879
0,1.0,72,2011-01-17,264890
0,1.25,72,2011-01-17,154050
0,0.75,73,2011-01-17,169652
0,1.0,73,2011-01-17,91584
0,1.25,73,2011-01-18,29472
0,0.75,74,2011-01-19,67958
0,1.0,74,2011-01-19,246614
0,1.25,74,2011-01-20,267305
0,0.75,75,2011-01-20,56633
0,1.0,75,2011-01-20,72955
0,1.25,75,2011-01-20,172103
0,0.75,76,2011-01-20,27670
0,1.0,76,2011-01-20,235581
0,1.25,76,2011-01-20,71266
0,0.75,77,2011-01-20,218535
0,1.0,77,2011-01-20,190084
0,1.25,77,2011-01-21,193558
0,0.75,78,2011-01-21,232437
0,1.0,78,2011-01-21,178316
0,1.25,78,2011-01-21,145677
0,0.75,79,2011-01-24,258004
0,1.0,79,2011-01-24,228017
0,1.25,79,2011-01-24,242007
0,0.75,80,2011-01-24,29729
0,1.0,80,2011-01-24,273259
0,1.25,80,2011-01-24,20985
0,0.75,81,2011-01-24,285695
0,1.0,81,2011-01-24,153882
0,1.25,81,2011-01-25,29398
0,0.75,82,2011-01-25,230578
0,1.0,82,2011-01-25,159357
0,1.25,82,2011-01-27,36262
0,0.75,83,2011-01-27,115711
0,1.0,83,2011-01-28,256359
0,1.25,83,2011-01-29,121599
0,0.75,84,2011-01-30,75829
0,1.75,0,2011-02-01,144791
0,2.0,0,2011-02-01,227587
0,2.25,0,2011-02-01,249798
0,1.75,1,2011-02-01,265975
0,2.0,1,2011-02-01,152824
0,2.25,1,2011-02-01,70778
0,1.75,2,2011-02-01,76020
0,2.0,2,2011-02-01,136051
0,2.25,2,2011-02-01,134853
0,1.75,3,2011-02-01,104713
0,2.0,3,2011-02-01,217141
0,2.25,3,2011-02-01,19235
0,1.75,4,2011-02-01,52648
0,2.0,4,2011-02-01,67730
0,2.25,4,2011-02-01,107324
0,1.75,5,2011-02-01,156674
0,2.0,5,2011-02-01,86302
0,2.25,5,2011-02-01,94528
0,1.75,6,2011-02-01,279555
0,2.0,6,2011-02-01,217003
0,2.25,6,2011-02-01,270032
0,1.75,7,2011-02-01,202690
0,2.0,7,2011-02-01,1992
0,2.25,7,2011-02-01,179444
0,1.75,8,2011-02-01,94941
0,2.0,8,2011-02-01,32748
0,2.25,8,2011-02-01,57532
0,1.75,9,2011-02-01,83214
0,2.0,9,2011-02-01,68207
0,2.25,9,2011-02-01,144336
0,1.75,10,2011-02-01,4624
0,2.0,10,2011-02-01,186624
0,2.25,10,2011-02-01,18079
0,1.75,11,2011-02-01,180464
0,2.0,11,2011-02-01,72673
0,2.25,11,2011-02-01,276967
0,1.75,12,2011-02-01,41938
0,2.0,12,2011-02-01,225503
0,2.25,12,2011-02-01,180203
0,1.75,13,2011-02-01,267346
0,2.0,13,2011-02-01,62356
0,2.25,13,2011-02-01,4465
0,1.75,14,2011-02-01,128397
0,2.0,14,2011-02-01,149867
0,2.25,14,2011-02-01,148200
0,1.75,15,2011-02-01,150310
0,2.0,15,2011-02-01,183378
0,2.25,15,2011-02-01,135879
0,1.75,16,2011-02-01,68540
0,2.0,16,2011-02-01,282030
0,2.25,16,2011-02-01,132823
0,1.75,17,2011-02-01,188674
0,2.0,17,2011-02-01,26284
0,2.25,17,2011-02-01,115128
0,1.75,18,2011-02-01,4230
0,2.0,18,2011-02-01,75557
0,2.25,18,2011-02-01,129751
0,1.75,19,2011-02-01,207078
0,2.0,19,2011-02-01,92622
0,2.25,19,2011-02-01,98304
0,1.75,20,2011-02-01,208906
0,2.0,20,2011-02-01,6892
0,2.25,20,2011-02-01,247475
0,1.75,21,2011-02-01,166537
0,2.0,21,2011-02-01,228872
0,2.25,21,2011-02-01,245475
0,1.75,22,2011-02-01,118195
0,2.0,22,2011-02-01,168477
0,2.25,22,2011-02-01,18699
0,1.75,23,2011-02-01,267163
0,2.0,23,2011-02-01,172445
0,2.25,23,2011-02-01,159889
0,1.75,24,2011-02-01,202729
0,2.0,24,2011-02-01,184975
0,2.25,24,2011-02-01,159642
0,1.75,25,2011-02-01,243015
0,2.0,25,2011-02-01,269297
0,2.25,25,2011-02-01,263499
0,1.75,26,2011-02-01,255131
0,2.0,26,2011-02-01,137884
0,2.25,26,2011-02-01,239652
0,1.75,27,2011-02-01,227851
0,2.0,27,2011-02-01,222470
0,2.25,27,2011-02-01,114032
0,1.75,28,2011-02-01,245547
0,2.0,28,2011-02-01,262747
0,2.25,28,2011-02-01,120678
0,1.75,29,2011-02-01,147434
0,2.0,29,2011-02-01,280284
0,2.25,29,2011-02-01,138452
0,1.75,30,2011-02-01,99957
0,2.0,30,2011-02-01,223815
0,2.25,30,2011-02-01,8611
0,1.75,31,2011-02-01,33537
0,2.0,31,2011-02-01,161626
0,2.25,31,2011-02-01,49481
0,1.75,32,2011-02-01,247971
0,2.0,32,2011-02-01,243665
0,2.25,32,2011-02-01,247615
0,1.75,33,2011-02-01,114947
0,2.0,33,2011-02-01,115336
0,2.25,33,2011-02-01,265546
0,1.75,34,2011-02-01,277550
0,2.0,34,2011-02-01,24970
0,2.25,34,2011-02-02,129517
0,1.75,35,2011-02-02,89719
0,2.0,35,2011-02-02,41533
0,2.25,35,2011-02-02,198347
0,1.75,36,2011-02-02,244919
0,2.0,36,2011-02-02,29794
0,2.25,36,2011-02-02,137885
0,1.75,37,2011-02-02,48885
0,2.0,37,2011-02-02,31585
0,2.25,37,2011-02-03,247461
0,1.75,38,2011-02-03,243219
0,2.0,38,2011-02-04,87502
0,2.25,38,2011-02-04,180414
0,1.75,39,2011-02-04,208515
0,2.0,39,2011-02-04,117046
0,2.25,39,2011-02-04,9647
0,1.75,40,2011-02-05,138563
0,2.0,40,2011-02-06,83874
0,2.25,40,2011-02-07,165050
0,1.75,41,2011-02-07,47396
0,2.0,41,2011-02-07,87759
0,2.25,41,2011-02-07,66508
0,1.75,42,2011-02-07,29761
0,2.0,42,2011-02-07,80697
0,2.25,42,2011-02-07,275475
0,1.75,43,2011-02-07,259651
0,2.0,43,2011-02-08,101691
0,2.25,43,2011-02-08,258787
0,1.75,44,2011-02-09,272827
0,2.0,44,2011-02-09,188378
0,2.25,44,2011-02-10,77754
0,1.75,45,2011-02-10,176784
0,2.0,45,2011-02-10,152033
0,2.25,45,2011-02-10,161906
0,1.75,46,2011-02-10,35768
0,2.0,46,2011-02-10,28824
0,2.25,46,2011-02-10,164980
0,1.75,47,2011-02-11,113789
0,2.0,47,2011-02-11,148617
0,2.25,47,2011-02-11,244656
0,1.75,48,2011-02-14,66035
0,2.0,48,2011-02-14,134479
0,2.25,48,2011-02-14,221062
0,1.75,49,2011-02-14,264917
0,2.0,49,2011-02-14,101122
0,2.25,49,2011-02-14,208287
0,1.75,50,2011-02-14,130581
0,2.0,50,2011-02-14,157048
0,2.25,50,2011-02-14,28171
0,1.75,51,2011-02-15,191443
0,2.0,51,2011-02-15,39400
0,2.25,51,2011-02-15,41761
0,1.75,52,2011-02-15,243132
0,2.0,52,2011-02-15,62535
0,2.25,52,2011-02-15,266583
0,1.75,53,2011-02-15,129625
0,2.0,53,2011-02-15,199765
0,2.25,53,2011-02-17,110379
0,1.75,54,2011-02-17,115382
0,2.0,54,2011-02-18,255072
0,2.25,54,2011-02-18,174161
0,1.75,55,2011-02-18,57821
0,2.0,55,2011-02-19,111207
0,2.25,55,2011-02-20,161612
0,1.75,56,2011-02-20,265192
0,2.0,56,2011-02-21,244562
0,2.25,56,2011-02-21,53390
0,1.75,57,2011-02-21,247254
0,2.0,57,2011-02-21,168704
0,2.25,57,2011-02-21,174327
0,1.75,58,2011-02-21,36631
0,2.0,58,2011-02-21,222094
0,2.25,58,2011-02-21,33808
0,1.75,59,2011-02-22,131946
0,2.0,59,2011-02-22,97998
0,2.25,59,2011-02-22,278889
0,1.75,60,2011-02-23,77563
0,2.0,60,2011-02-24,110909
0,2.25,60,2011-02-24,28098
0,1.75,61,2011-02-25,92449
0,2.0,61,2011-02-25,285788
0,2.25,61,2011-02-25,55400
0,1.75,62,2011-02-28,170489
0,2.0,62,2011-02-28,6654
0,2.75,0,2011-03-01,160691
0,3.0,0,2011-03-01,205822
0,3.25,0,2011-03-01,244415
0,2.75,1,2011-03-01,259851
0,3.0,1,2011-03-01,142035
0,3.25,1,2011-03-01,187983
0,2.75,2,2011-03-01,277407
0,3.0,2,2011-03-01,224069
0,3.25,2,2011-03-01,74753
0,2.75,3,2011-03-01,49365
0,3.0,3,2011-03-01,64295
0,3.25,3,2011-03-01,222458
0,2.75,4,2011-03-01,69357
0,3.0,4,2011-03-01,174527
0,3.25,4,2011-03-01,239240
0,2.75,5,2011-03-01,271666
0,3.0,5,2011-03-01,121085
0,3.25,5,2011-03-01,180534
0,2.75,6,2011-03-01,252012
0,3.0,6,2011-03-01,207125
0,3.25,6,2011-03-01,193220
0,2.75,7,2011-03-01,88852
0,3.0,7,2011-03-01,95545
0,3.25,7,2011-03-01,45057
0,2.75,8,2011-03-01,202663
0,3.0,8,2011-03-01,233036
0,3.25,8,2011-03-01,66487
0,2.75,9,2011-03-01,30599
0,3.0,9,2011-03-01,89295
0,3.25,9,2011-03-01,50942
0,2.75,10,2011-03-01,253012
0,3.0,10,2011-03-01,158439
0,3.25,10,2011-03-01,202821
0,2.75,11,2011-03-01,218672
0,3.0,11,2011-03-01,94943
0,3.25,11,2011-03-01,272015
0,2.75,12,2011-03-01,284534
0,3.0,12,2011-03-01,32333
0,3.25,12,2011-03-01,84472
0,2.75,13,2011-03-01,144972
0,3.0,13,2011-03-01,61504
0,3.25,13,2011-03-01,8105
0,2.75,14,2011-03-01,195299
0,3.0,14,2011-03-01,12886
0,3.25,14,2011-03-01,102596
0,2.75,15,2011-03-01,24438
0,3.0,15,2011-03-01,84417
0,3.25,15,2011-03-01,213861
0,2.75,16,2011-03-01,77527
0,3.0,16,2011-03-01,151704
0,3.25,16,2011-03-01,5664
0,2.75,17,2011-03-01,230650
0,3.0,17,2011-03-01,111780
0,3.25,17,2011-03-01,279829
0,2.75,18,2011-03-01,223040
0,3.0,18,2011-03-01,15907
0,3.25,18,2011-03-01,272175
0,2.75,19,2011-03-01,207174
0,3.0,19,2011-03-01,63265
0,3.25,19,2011-03-01,247792
0,2.75,20,2011-03-01,153653
0,3.0,20,2011-03-01,227731
0,3.25,20,2011-03-01,122367
0,2.75,21,2011-03-01,14255
0,3.0,21,2011-03-01,261163
0,3.25,21,2011-03-01,75650
0,2.75,22,2011-03-01,271534
0,3.0,22,2011-03-01,123956
0,3.25,22,2011-03-01,80202
0,2.75,23,2011-03-01,100737
0,3.0,23,2011-03-01,116971
0,3.25,23,2011-03-01,117382
0,2.75,24,2011-03-01,19135
0,3.0,24,2011-03-01,140829
0,3.25,24,2011-03-01,106122
0,2.75,25,2011-03-01,41597
0,3.0,25,2011-03-01,222468
0,3.25,25,2011-03-01,168567
0,2.75,26,2011-03-01,46759
0,3.0,26,2011-03-01,216946
0,3.25,26,2011-03-01,228330
0,2.75,27,2011-03-01,83479
0,3.0,27,2011-03-01,154654
0,3.25,27,2011-03-01,193982
0,2.75,28,2011-03-01,212175
0,3.0,28,2011-03-01,11880
0,3.25,28,2011-03-01,85486
0,2.75,29,2011-03-01,22307
0,3.0,29,2011-03-01,251930
0,3.25,29,2011-03-01,145131
0,2.75,30,2011-03-01,53620
0,3.0,30,2011-03-01,102894
0,3.25,30,2011-03-01,139456
0,2.75,31,2011-03-01,103638
0,3.0,31,2011-03-01,115362
0,3.25,31,2011-03-01,228589
0,2.75,32,2011-03-01,57111
0,3.0,32,2011-03-01,168573
0,3.25,32,2011-03-01,253214
0,2.75,33,2011-03-01,38120
0,3.0,33,2011-03-01,182349
0,3.25,33,2011-03-01,14711
0,2.75,34,2011-03-01,51033
0,3.0,34,2011-03-01,264010
0,3.25,34,2011-03-01,182968
0,2.75,35,2011-03-01,67773
0,3.0,35,2011-03-01,278569
0,3.25,35,2011-03-01,216514
0,2.75,36,2011-03-01,285597
0,3.0,36,2011-03-01,245345
0,3.25,36,2011-03-01,8471
0,2.75,37,2011-03-01,85134
0,3.0,37,2011-03-01,221623
0,3.25,37,2011-03-01,46947
0,2.75,38,2011-03-01,231133
0,3.0,38,2011-03-01,90153
0,3.25,38,2011-03-01,58191
0,2.75,39,2011-03-01,26203
0,3.0,39,2011-03-01,181909
0,3.25,39,2011-03-01,83948
0,2.75,40,2011-03-01,67508
0,3.0,40,2011-03-02,42498
0,3.25,40,2011-03-02,63946
0,2.75,41,2011-03-02,242568
0,3.0,41,2011-03-02,52194
0,3.25,41,2011-03-02,263616
0,2.75,42,2011-03-02,240935
0,3.0,42,2011-03-03,206781
0,3.25,42,2011-03-03,16296
0,2.75,43,2011-03-03,100196
0,3.0,43,2011-03-03,115881
0,3.25,43,2011-03-03,250777
0,2.75,44,2011-03-03,44568
0,3.0,44,2011-03-04,205845
0,3.25,44,2011-03-04,262058
0,2.75,45,2011-03-05,172353
0,3.0,45,2011-03-07,268190
0,3.25,45,2011-03-07,238596
0,2.75,46,2011-03-07,263450
0,3.0,46,2011-03-07,138255
0,3.25,46,2011-03-07,260616
0,2.75,47,2011-03-07,245301
0,3.0,47,2011-03-07,61335
0,3.25,47,2011-03-07,191800
0,2.75,48,2011-03-07,93810
0,3.0,48,2011-03-07,268267
0,3.25,48,2011-03-07,146975
0,2.75,49,2011-03-07,19362
0,3.0,49,2011-03-07,41337
0,3.25,49,2011-03-08,199975
0,2.75,50,2011-03-08,137714
0,3.0,50,2011-03-08,67446
0,3.25,50,2011-03-08,227922
0,2.75,51,2011-03-08,132769
0,3.0,51,2011-03-08,35634
0,3.25,51,2011-03-09,252063
0,2.75,52,2011-03-09,174338
0,3.0,52,2011-03-10,155540
0,3.25,52,2011-03-10,171366
0,2.75,53,2011-03-10,124680
0,3.0,53,2011-03-10,2878
0,3.25,53,2011-03-10,220740
0,2.75,54,2011-03-11,133850
0,3.0,54,2011-03-11,252526
0,3.25,54,2011-03-11,137468
0,2.75,55,2011-03-11,68960
0,3.0,55,2011-03-11,286267
0,3.25,55,2011-03-14,208096
0,2.75,56,2011-03-14,255060
0,3.0,56,2011-03-14,143461
0,3.25,56,2011-03-14,277781
0,2.75,57,2011-03-14,116716
0,3.0,57,2011-03-14,255007
0,3.25,57,2011-03-14,276631
0,2.75,58,2011-03-14,34546
0,3.0,58,2011-03-14,96780
0,3.25,58,2011-03-14,255748
0,2.75,59,2011-03-14,276229
0,3.0,59,2011-03-14,286692
0,3.25,59,2011-03-14,5835
0,2.75,60,2011-03-14,227687
0,3.0,60,2011-03-14,127001
0,3.25,60,2011-03-15,131839
0,2.75,61,2011-03-15,220353
0,3.0,61,2011-03-15,203306
0,3.25,61,2011-03-15,218363
0,2.75,62,2011-03-15,73193
0,3.0,62,2011-03-15,188401
0,3.25,62,2011-03-15,161442
0,2.75,63,2011-03-15,203077
0,3.0,63,2011-03-15,122423
0,3.25,63,2011-03-15,238358
0,2.75,64,2011-03-15,12819
0,3.0,64,2011-03-15,147976
0,3.25,64,2011-03-15,107247
0,2.75,65,2011-03-15,276426
0,3.0,65,2011-03-15,205127
0,3.25,65,2011-03-15,221184
0,2.75,66,2011-03-16,282664
0,3.0,66,2011-03-16,157221
0,3.25,66,2011-03-16,251561
0,2.75,67,2011-03-16,225313
0,3.0,67,2011-03-16,101098
0,3.25,67,2011-03-16,41215
0,2.75,68,2011-03-17,247984
0,3.0,68,2011-03-17,70787
0,3.25,68,2011-03-17,5999
0,2.75,69,2011-03-18,257721
0,3.0,69,2011-03-18,23049
0,3.25,69,2011-03-18,172412
0,2.75,70,2011-03-18,82811
0,3.0,70,2011-03-18,3375
0,3.25,70,2011-03-19,122016
0,2.75,71,2011-03-19,5640
0,3.0,71,2011-03-20,132069
0,3.25,71,2011-03-21,46305
0,2.75,72,2011-03-21,18597
0,3.0,72,2011-03-21,202713
0,3.25,72,2011-03-21,78213
0,2.75,73,2011-03-21,66245
0,3.0,73,2011-03-21,130945
0,3.25,73,2011-03-21,240654
0,2.75,74,2011-03-21,10732
0,3.0,74,2011-03-22,196617
0,3.25,74,2011-03-22,178050
0,2.75,75,2011-03-22,216981
0,3.0,75,2011-03-22,267332
0,3.25,75,2011-03-22,227333
0,2.75,76,2011-03-22,275154
0,3.0,76,2011-03-22,200553
0,3.25,76,2011-03-23,101977
0,2.75,77,2011-03-23,78379
0,3.0,77,2011-03-23,252874
0,3.25,77,2011-03-23,262427
0,2.75,78,2011-03-23,25847
0,3.0,78,2011-03-23,201884
0,3.25,78,2011-03-23,80137
0,2.75,79,2011-03-24,231120
0,3.0,79,2011-03-24,112106
0,3.25,79,2011-03-24,273934
0,2.75,80,2011-03-24,245450
0,3.0,80,2011-03-25,51867
0,3.25,80,2011-03-25,130516
0,2.75,81,2011-03-26,175347
0,3.0,81,2011-03-28,83143
0,3.25,81,2011-03-29,265360
0,3.75,0,2011-04-01,160519
0,4.0,0,2011-04-01,25580
0,4.25,0,2011-04-01,124435
0,3.75,1,2011-04-01,202243
0,4.0,1,2011-04-01,208037
0,4.25,1,2011-04-01,104806
0,3.75,2,2011-04-01,273736
0,4.0,2,2011-04-01,100252
0,4.25,2,2011-04-01,185829
0,3.75,3,2011-04-01,72506
0,4.0,3,2011-04-01,75563
0,4.25,3,2011-04-01,63523
0,3.75,4,2011-04-01,274875
0,4.0,4,2011-04-01,272553
0,4.25,4,2011-04-01,280784
0,3.75,5,2011-04-01,233276
0,4.0,5,2011-04-01,6698
0,4.25,5,2011-04-01,141908
0,3.75,6,2011-04-01,251219
0,4.0,6,2011-04-01,197354
0,4.25,6,2011-04-01,215421
0,3.75,7,2011-04-01,130202
0,4.0,7,2011-04-01,43996
0,4.25,7,2011-04-01,179058
0,3.75,8,2011-04-01,91601
0,4.0,8,2011-04-01,192225
0,4.25,8,2011-04-01,21784
0,3.75,9,2011-04-01,173686
0,4.0,9,2011-04-01,26670
0,4.25,9,2011-04-01,24520
0,3.75,10,2011-04-01,100415
0,4.0,10,2011-04-01,193541
0,4.25,10,2011-04-01,198758
0,3.75,11,2011-04-01,265125
0,4.0,11,2011-04-01,184848
0,4.25,11,2011-04-01,34592
0,3.75,12,2011-04-01,172253
0,4.0,12,2011-04-01,216336
0,4.25,12,2011-04-01,159335
0,3.75,13,2011-04-01,270215
0,4.0,13,2011-04-01,75548
0,4.25,13,2011-04-01,50129
0,3.75,14,2011-04-01,19678
0,4.0,14,2011-04-01,87416
0,4.25,14,2011-04-01,34634
0,3.75,15,2011-04-01,99858
0,4.0,15,2011-04-01,75910
0,4.25,15,2011-04-01,105291
0,3.75,16,2011-04-01,32362
0,4.0,16,2011-04-01,177433
0,4.25,16,2011-04-01,137138
0,3.75,17,2011-04-01,81829
0,4.0,17,2011-04-01,281839
0,4.25,17,2011-04-01,262272
0,3.75,18,2011-04-01,229641
0,4.0,18,2011-04-01,180646
0,4.25,18,2011-04-01,96063
0,3.75,19,2011-04-01,230801
0,4.0,19,2011-04-01,6194
0,4.25,19,2011-04-01,33352
0,3.75,20,2011-04-01,14497
0,4.0,20,2011-04-01,97816
0,4.25,20,2011-04-01,195935
0,3.75,21,2011-04-01,88876
0,4.0,21,2011-04-01,135964
0,4.25,21,2011-04-01,72146
0,3.75,22,2011-04-01,104630
0,4.0,22,2011-04-01,203971
0,4.25,22,2011-04-01,139704
0,3.75,23,2011-04-01,121921
0,4.0,23,2011-04-01,223693
0,4.25,23,2011-04-01,78327
0,3.75,24,2011-04-01,42375
0,4.0,24,2011-04-01,142927
0,4.25,24,2011-04-01,210541
0,3.75,25,2011-04-01,197819
0,4.0,25,2011-04-01,107883
0,4.25,25,2011-04-01,180313
0,3.75,26,2011-04-01,104171
0,4.0,26,2011-04-01,282124
0,4.25,26,2011-04-01,3782
0,3.75,27,2011-04-01,179293
0,4.0,27,2011-04-01,191545
0,4.25,27,2011-04-01,24913
0,3.75,28,2011-04-01,76008
0,4.0,28,2011-04-01,49789
0,4.25,28,2011-04-01,8183
0,3.75,29,2011-04-01,2517
0,4.0,29,2011-04-01,283507
0,4.25,29,2011-04-01,168164
0,3.75,30,2011-04-01,127967
0,4.0,30,2011-04-01,274641
0,4.25,30,2011-04-01,237187
0,3.75,31,2011-04-01,153659
0,4.0,31,2011-04-01,84590
0,4.25,31,2011-04-01,98662
0,3.75,32,2011-04-01,214257
0,4.0,32,2011-04-01,275430
0,4.25,32,2011-04-01,77536
0,3.75,33,2011-04-01,76395
0,4.0,33,2011-04-01,261414
0,4.25,33,2011-04-01,149831
0,3.75,34,2011-04-01,27280
0,4.0,34,2011-04-01,143241
0,4.25,34,2011-04-01,138320
0,3.75,35,2011-04-01,75703
0,4.0,35,2011-04-01,202495
0,4.25,35,2011-04-01,9744
0,3.75,36,2011-04-01,79781
0,4.0,36,2011-04-01,268132
0,4.25,36,2011-04-01,147283
0,3.75,37,2011-04-01,240698
0,4.0,37,2011-04-01,201345
0,4.25,37,2011-04-01,283831
0,3.75,38,2011-04-01,14101
0,4.0,38,2011-04-01,82512
0,4.25,38,2011-04-01,242332
0,3.75,39,2011-04-01,134877
0,4.0,39,2011-04-01,96806
0,4.25,39,2011-04-01,152697
0,3.75,40,2011-04-01,10071
0,4.0,40,2011-04-01,172981
0,4.25,40,2011-04-01,219572
0,3.75,41,2011-04-02,117688
0,4.0,41,2011-04-02,52874
0,4.25,41,2011-04-02,234391
0,3.75,42,2011-04-02,11888
0,4.0,42,2011-04-04,174661
0,4.25,42,2011-04-04,233880
0,3.75,43,2011-04-04,94379
0,4.0,43,2011-04-04,120632
0,4.25,43,2011-04-04,94642
0,3.75,44,2011-04-04,252121
0,4.0,44,2011-04-04,237660
0,4.25,44,2011-04-04,280240
0,3.75,45,2011-04-04,72885
0,4.0,45,2011-04-04,118268
0,4.25,45,2011-04-04,250056
0,3.75,46,2011-04-04,170075
0,4.0,46,2011-04-04,277929
0,4.25,46,2011-04-04,54497
0,3.75,47,2011-04-04,152235
0,4.0,47,2011-04-04,193161
0,4.25,47,2011-04-04,44619
0,3.75,48,2011-04-04,199220
0,4.0,48,2011-04-04,13686
0,4.25,48,2011-04-04,193805
0,3.75,49,2011-04-04,63707
0,4.0,49,2011-04-04,164083
0,4.25,49,2011-04-04,131396
0,3.75,50,2011-04-04,181786
0,4.0,50,2011-04-05,171160
0,4.25,50,2011-04-05,28739
0,3.75,51,2011-04-05,199966
0,4.0,51,2011-04-05,159969
0,4.25,51,2011-04-05,130180
0,3.75,52,2011-04-06,17193
0,4.0,52,2011-04-06,257782
0,4.25,52,2011-04-06,198780
0,3.75,53,2011-04-06,265660
0,4.0,53,2011-04-06,105734
0,4.25,53,2011-04-07,26691
0,3.75,54,2011-04-07,286914
0,4.0,54,2011-04-07,247698
0,4.25,54,2011-04-08,141608
0,3.75,55,2011-04-08,183008
0,4.0,55,2011-04-10,180814
0,4.25,55,2011-04-10,127739
0,3.75,56,2011-04-10,15337
0,4.0,56,2011-04-10,179311
0,4.25,56,2011-04-10,34385
0,3.75,57,2011-04-10,231139
0,4.0,57,2011-04-11,243529
0,4.25,57,2011-04-11,261961
0,3.75,58,2011-04-11,235967
0,4.0,58,2011-04-11,29787
0,4.25,58,2011-04-11,15551
0,3.75,59,2011-04-11,69239
0,4.0,59,2011-04-11,224018
0,4.25,59,2011-04-11,144214
0,3.75,60,2011-04-11,56010
0,4.0,60,2011-04-11,100282
0,4.25,60,2011-04-11,78300
0,3.75,61,2011-04-11,12065
0,4.0,61,2011-04-11,233974
0,4.25,61,2011-04-12,245999
0,3.75,62,2011-04-12,151875
0,4.0,62,2011-04-12,142557
0,4.25,62,2011-04-13,161387
0,3.75,63,2011-04-13,255523
0,4.0,63,2011-04-13,284285
0,4.25,63,2011-04-13,268110
0,3.75,64,2011-04-13,137311
0,4.0,64,2011-04-14,61671
0,4.25,64,2011-04-14,142211
0,3.75,65,2011-04-14,48416
0,4.0,65,2011-04-14,154935
0,4.25,65,2011-04-14,78917
0,3.75,66,2011-04-14,95730
0,4.0,66,2011-04-14,95280
0,4.25,66,2011-04-15,59849
0,3.75,67,2011-04-15,82817
0,4.0,67,2011-04-15,280819
0,4.25,67,2011-04-15,89291
0,3.75,68,2011-04-15,10552
0,4.0,68,2011-04-15,154849
0,4.25,68,2011-04-15,281863
0,3.75,69,2011-04-15,161517
0,4.0,69,2011-04-15,24365
0,4.25,69,2011-04-15,41112
0,3.75,70,2011-04-15,276724
0,4.0,70,2011-04-15,102656
0,4.25,70,2011-04-16,117481
0,3.75,71,2011-04-18,3094
0,4.0,71,2011-04-18,187730
0,4.25,71,2011-04-18,182102
0,3.75,72,2011-04-18,250008
0,4.0,72,2011-04-18,144669
0,4.25,72,2011-04-18,219189
0,3.75,73,2011-04-18,164174
0,4.0,73,2011-04-18,20336
0,4.25,73,2011-04-18,96600
0,3.75,74,2011-04-18,124134
0,4.0,74,2011-04-18,283390
0,4.25,74,2011-04-18,34999
0,3.75,75,2011-04-18,1326
0,4.0,75,2011-04-18,145889
0,4.25,75,2011-04-18,219247
0,3.75,76,2011-04-18,125258
0,4.0,76,2011-04-18,266568
0,4.25,76,2011-04-18,232297
0,3.75,77,2011-04-19,206690
0,4.0,77,2011-04-19,250687
0,4.25,77,2011-04-19,57730
0,3.75,78,2011-04-19,78089
0,4.0,78,2011-04-19,215080
0,4.25,78,2011-04-19,256095
0,3.75,79,2011-04-20,80776
0,4.0,79,2011-04-20,64960
0,4.25,79,2011-04-21,241736
0,3.75,80,2011-04-21,156587
0,4.0,80,2011-04-22,275250
0,4.25,80,2011-04-25,51526
0,3.75,81,2011-04-26,37092
0,4.0,81,2011-04-26,56936
0,4.25,81,2011-04-26,219735
0,3.75,82,2011-04-26,76207
0,4.0,82,2011-04-27,175154
0,4.25,82,2011-04-27,171282
0,3.75,83,2011-04-27,233778
0,4.0,83,2011-04-28,169010
0,4.25,83,2011-04-28,100859
0,3.75,84,2011-04-28,4461
0,4.0,84,2011-04-29,176976
0,4.25,84,2011-04-29,89352
0,3.75,85,2011-04-29,167819
0,4.0,85,2011-04-30,235987
0,4.25,85,2011-04-30,269304
0,4.75,0,2011-05-01,182731
0,5.0,0,2011-05-01,101114
0,5.25,0,2011-05-01,40517
0,4.75,1,2011-05-01,259850
0,5.0,1,2011-05-01,243983
0,5.25,1,2011-05-01,81407
0,4.75,2,2011-05-01,248073
0,5.0,2,2011-05-01,145386
0,5.25,2,2011-05-01,130865
0,4.75,3,2011-05-01,39300
0,5.0,3,2011-05-01,79216
0,5.25,3,2011-05-01,96524
0,4.75,4,2011-05-01,123487
0,5.0,4,2011-05-01,168216
0,5.25,4,2011-05-01,110895
0,4.75,5,2011-05-01,38587
0,5.0,5,2011-05-01,53272
0,5.25,5,2011-05-01,179169
0,4.75,6,2011-05-01,275221
0,5.0,6,2011-05-01,206145
0,5.25,6,2011-05-01,177426
0,4.75,7,2011-05-01,141251
0,5.0,7,2011-05-01,273425
0,5.25,7,2011-05-01,269364
0,4.75,8,2011-05-01,205600
0,5.0,8,2011-05-01,3807
0,5.25,8,2011-05-01,98687
0,4.75,9,2011-05-01,189318
0,5.0,9,2011-05-01,205457
0,5.25,9,2011-05-01,204562
0,4.75,10,2011-05-01,275729
0,5.0,10,2011-05-01,198380
0,5.25,10,2011-05-01,174051
0,4.75,11,2011-05-01,3473
0,5.0,11,2011-05-01,221381
0,5.25,11,2011-05-01,6475
0,4.75,12,2011-05-01,258159
0,5.0,12,2011-05-01,247965
0,5.25,12,2011-05-01,285338
0,4.75,13,2011-05-01,90400
0,5.0,13,2011-05-01,58062
0,5.25,13,2011-05-01,28495
0,4.75,14,2011-05-01,27872
0,5.0,14,2011-05-01,265314
0,5.25,14,2011-05-01,78393
0,4.75,15,2011-05-01,142022
0,5.0,15,2011-05-01,137653
0,5.25,15,2011-05-01,122426
0,4.75,16,2011-05-01,152706
0,5.0,16,2011-05-01,4298
0,5.25,16,2011-05-01,36578
0,4.75,17,2011-05-01,90341
0,5.0,17,2011-05-01,17211
0,5.25,17,2011-05-01,88513
0,4.75,18,2011-05-01,196433
0,5.0,18,2011-05-01,82095
0,5.25,18,2011-05-01,106547
0,4.75,19,2011-05-01,223875
0,5.0,19,2011-05-01,176929
0,5.25,19,2011-05-01,154523
0,4.75,20,2011-05-01,212941
0,5.0,20,2011-05-01,233231
0,5.25,20,2011-05-01,220859
0,4.75,21,2011-05-01,137119
0,5.0,21,2011-05-01,50451
0,5.25,21,2011-05-01,106530
0,4.75,22,2011-05-01,111107
0,5.0,22,2011-05-01,159673
0,5.25,22,2011-05-02,45768
0,4.75,23,2011-05-02,216399
0,5.0,23,2011-05-02,250352
0,5.25,23,2011-05-02,256865
0,4.75,24,2011-05-02,236039
0,5.0,24,2011-05-02,98561
0,5.25,24,2011-05-02,114734
0,4.75,25,2011-05-02,153363
0,5.0,25,2011-05-02,22847
0,5.25,25,2011-05-02,156563
0,4.75,26,2011-05-02,41371
0,5.0,26,2011-05-02,129565
0,5.25,26,2011-05-02,115833
0,4.75,27,2011-05-02,93973
0,5.0,27,2011-05-02,231055
0,5.25,27,2011-05-02,265430
0,4.75,28,2011-05-02,188335
0,5.0,28,2011-05-02,174985
0,5.25,28,2011-05-02,239856
0,4.75,29,2011-05-02,242687
0,5.0,29,2011-05-02,155258
0,5.25,29,2011-05-02,30202
0,4.75,30,2011-05-02,188715
0,5.0,30,2011-05-04,38231
0,5.25,30,2011-05-04,55175
0,4.75,31,2011-05-04,160633
0,5.0,31,2011-05-04,92200
0,5.25,31,2011-05-04,265460
0,4.75,32,2011-05-04,251884
0,5.0,32,2011-05-04,222021
0,5.25,32,2011-05-04,162270
0,4.75,33,2011-05-04,257748
0,5.0,33,2011-05-04,39156
0,5.25,33,2011-05-04,92419
0,4.75,34,2011-05-04,185619
0,5.0,34,2011-05-04,125320
0,5.25,34,2011-05-04,114085
0,4.75,35,2011-05-04,78308
0,5.0,35,2011-05-04,251352
0,5.25,35,2011-05-04,175607
0,4.75,36,2011-05-04,241018
0,5.0,36,2011-05-04,169651
0,5.25,36,2011-05-04,85853
0,4.75,37,2011-05-04,151214
0,5.0,37,2011-05-04,181479
0,5.25,37,2011-05-04,162187
0,4.75,38,2011-05-04,73183
0,5.0,38,2011-05-04,162308
0,5.25,38,2011-05-04,154921
0,4.75,39,2011-05-04,265887
0,5.0,39,2011-05-04,144470
0,5.25,39,2011-05-04,103776
0,4.75,40,2011-05-05,47747
0,5.0,40,2011-05-05,201705
0,5.25,40,2011-05-05,244825
0,4.75,41,2011-05-05,190004
0,5.0,41,2011-05-05,262726
0,5.25,41,2011-05-05,259235
0,4.75,42,2011-05-05,34550
0,5.0,42,2011-05-05,208818
0,5.25,42,2011-05-05,146460
0,4.75,43,2011-05-06,141922
0,5.0,43,2011-05-06,239914
0,5.25,43,2011-05-07,164331
0,4.75,44,2011-05-07,13039
0,5.0,44,2011-05-07,123721
0,5.25,44,2011-05-09,267173
0,4.75,45,2011-05-09,118457
0,5.0,45,2011-05-09,128552
0,5.25,45,2011-05-09,121546
0,4.75,46,2011-05-09,200880
0,5.0,46,2011-05-09,119899
0,5.25,46,2011-05-09,216494
0,4.75,47,2011-05-09,194365
0,5.0,47,2011-05-09,115088
0,5.25,47,2011-05-09,278674
0,4.75,48,2011-05-09,150514
0,5.0,48,2011-05-10,271829
0,5.25,48,2011-05-10,176908
0,4.75,49,2011-05-10,44160
0,5.0,49,2011-05-10,262390
0,5.25,49,2011-05-10,59679
0,4.75,50,2011-05-10,235424
0,5.0,50,2011-05-10,212819
0,5.25,50,2011-05-10,97815
0,4.75,51,2011-05-11,201651
0,5.0,51,2011-05-11,175715
0,5.25,51,2011-05-11,50099
0,4.75,52,2011-05-11,286271
0,5.0,52,2011-05-11,234672
0,5.25,52,2011-05-11,136763
0,4.75,53,2011-05-11,238733
0,5.0,53,2011-05-11,211362
0,5.25,53,2011-05-11,204953
0,4.75,54,2011-05-12,272707
0,5.0,54,2011-05-12,152506
0,5.25,54,2011-05-12,169011
0,4.75,55,2011-05-12,116126
0,5.0,55,2011-05-12,140936
0,5.25,55,2011-05-12,189218
0,4.75,56,2011-05-14,147116
0,5.0,56,2011-05-14,100276
0,5.25,56,2011-05-15,28533
0,4.75,57,2011-05-15,59160
0,5.0,57,2011-05-15,21723
0,5.25,57,2011-05-15,188463
0,4.75,58,2011-05-15,56683
0,5.0,58,2011-05-15,279925
0,5.25,58,2011-05-16,23635
0,4.75,59,2011-05-16,47903
0,5.0,59,2011-05-16,161939
0,5.25,59,2011-05-16,111047
0,4.75,60,2011-05-16,261272
0,5.0,60,2011-05-16,32347
0,5.25,60,2011-05-16,270910
0,4.75,61,2011-05-16,160153
0,5.0,61,2011-05-16,26127
0,5.25,61,2011-05-16,25806
0,4.75,62,2011-05-16,246678
0,5.0,62,2011-05-16,161630
0,5.25,62,2011-05-16,100109
0,4.75,63,2011-05-16,238228
0,5.0,63,2011-05-16,7874
0,5.25,63,2011-05-16,186745
0,4.75,64,2011-05-16,63323
0,5.0,64,2011-05-17,145444
0,5.25,64,2011-05-17,29899
0,4.75,65,2011-05-17,163596
0,5.0,65,2011-05-18,40555
0,5.25,65,2011-05-18,196479
0,4.75,66,2011-05-18,262383
0,5.0,66,2011-05-18,244437
0,5.25,66,2011-05-18,137509
0,4.75,67,2011-05-18,107151
0,5.0,67,2011-05-18,7791
0,5.25,67,2011-05-19,286489
0,4.75,68,2011-05-19,252634
0,5.0,68,2011-05-20,281377
0,5.25,68,2011-05-20,70738
0,4.75,69,2011-05-20,50782
0,5.0,69,2011-05-20,119933
0,5.25,69,2011-05-20,283203
0,4.75,70,2011-05-20,247928
0,5.0,70,2011-05-20,200051
0,5.25,70,2011-05-20,113010
0,4.75,71,2011-05-20,2911
0,5.0,71,2011-05-21,83956
0,5.25,71,2011-05-21,172105
0,4.75,72,2011-05-21,196541
0,5.0,72,2011-05-23,225061
0,5.25,72,2011-05-23,275989
0,4.75,73,2011-05-23,272433
0,5.0,73,2011-05-23,80233
0,5.25,73,2011-05-23,87768
0,4.75,74,2011-05-23,28442
0,5.0,74,2011-05-24,11339
0,5.25,74,2011-05-24,130965
0,4.75,75,2011-05-24,87140
0,5.0,75,2011-05-24,160379
0,5.25,75,2011-05-24,137942
0,4.75,76,2011-05-25,65266
0,5.0,76,2011-05-25,58770
0,5.25,76,2011-05-25,275355
0,4.75,77,2011-05-25,11205
0,5.0,77,2011-05-25,59501
0,5.25,77,2011-05-26,59310
0,4.75,78,2011-05-27,85198
0,5.0,78,2011-05-27,170551
0,5.25,78,2011-05-27,38689
0,4.75,79,2011-05-27,69614
0,5.0,79,2011-05-30,273737
0,5.25,79,2011-05-30,90192
0,4.75,80,2011-05-31,138567
0,5.0,80,2011-05-31,102049
0,5.75,0,2011-06-01,232994
0,6.0,0,2011-06-01,251594
0,6.25,0,2011-06-01,142489
0,5.75,1,2011-06-01,121853
0,6.0,1,2011-06-01,283724
0,6.25,1,2011-06-01,226161
0,5.75,2,2011-06-01,179570
0,6.0,2,2011-06-01,250784
0,6.25,2,2011-06-01,54839
0,5.75,3,2011-06-01,23688
0,6.0,3,2011-06-01,122766
0,6.25,3,2011-06-01,235442
0,5.75,4,2011-06-01,141592
0,6.0,4,2011-06-01,110697
0,6.25,4,2011-06-01,59473
0,5.75,5,2011-06-01,15604
0,6.0,5,2011-06-01,32359
0,6.25,5,2011-06-01,39263
0,5.75,6,2011-06-01,264399
0,6.0,6,2011-06-01,128506
0,6.25,6,2011-06-01,239040
0,5.75,7,2011-06-01,252386
0,6.0,7,2011-06-01,159585
0,6.25,7,2011-06-01,257317
0,5.75,8,2011-06-01,78943
0,6.0,8,2011-06-01,209329
0,6.25,8,2011-06-01,17490
0,5.75,9,2011-06-01,161863
0,6.0,9,2011-06-01,179043
0,6.25,9,2011-06-01,222914
0,5.75,10,2011-06-01,53950
0,6.0,10,2011-06-01,218769
0,6.25,10,2011-06-01,43904
0,5.75,11,2011-06-01,150629
0,6.0,11,2011-06-01,129141
0,6.25,11,2011-06-01,269794
0,5.75,12,2011-06-01,228980
0,6.0,12,2011-06-01,237959
0,6.25,12,2011-06-01,220438
0,5.75,13,2011-06-01,79613
0,6.0,13,2011-06-01,117314
0,6.25,13,2011-06-01,113142
0,5.75,14,2011-06-01,118444
0,6.0,14,2011-06-01,248036
0,6.25,14,2011-06-01,36818
0,5.75,15,2011-06-01,258515
0,6.0,15,2011-06-01,10909
0,6.25,15,2011-06-01,10084
0,5.75,16,2011-06-01,25779
0,6.0,16,2011-06-01,35488
0,6.25,16,2011-06-01,49702
0,5.75,17,2011-06-01,56238
0,6.0,17,2011-06-01,84013
0,6.25,17,2011-06-01,273713
0,5.75,18,2011-06-01,113588
0,6.0,18,2011-06-01,128225
0,6.25,18,2011-06-01,261185
0,5.75,19,2011-06-01,236802
0,6.0,19,2011-06-01,148335
0,6.25,19,2011-06-01,129001
0,5.75,20,2011-06-01,181542
0,6.0,20,2011-06-01,69207
0,6.25,20,2011-06-01,134474
0,5.75,21,2011-06-01,233569
0,6.0,21,2011-06-01,120304
0,6.25,21,2011-06-01,86500
0,5.75,22,2011-06-01,18682
0,6.0,22,2011-06-01,246993
0,6.25,22,2011-06-01,214559
0,5.75,23,2011-06-01,243787
0,6.0,23,2011-06-01,56934
0,6.25,23,2011-06-01,198397
0,5.75,24,2011-06-01,472
0,6.0,24,2011-06-01,66438
0,6.25,24,2011-06-01,129548
0,5.75,25,2011-06-01,21362
0,6.0,25,2011-06-01,236268
0,6.25,25,2011-06-01,195490
0,5.75,26,2011-06-01,162075
0,6.0,26,2011-06-01,278967
0,6.25,26,2011-06-01,21391
0,5.75,27,2011-06-01,203423
0,6.0,27,2011-06-01,67639
0,6.25,27,2011-06-01,87021
0,5.75,28,2011-06-01,234066
0,6.0,28,2011-06-01,112717
0,6.25,28,2011-06-01,103375
0,5.75,29,2011-06-01,57932
0,6.0,29,2011-06-01,70938
0,6.25,29,2011-06-01,42201
0,5.75,30,2011-06-01,237766
0,6.0,30,2011-06-01,165196
0,6.25,30,2011-06-01,201504
0,5.75,31,2011-06-01,181408
0,6.0,31,2011-06-01,89850
0,6.25,31,2011-06-01,238316
0,5.75,32,2011-06-01,202282
0,6.0,32,2011-06-01,7247
0,6.25,32,2011-06-01,60841
0,5.75,33,2011-06-01,134579
0,6.0,33,2011-06-01,279510
0,6.25,33,2011-06-01,182228
0,5.75,34,2011-06-01,100159
0,6.0,34,2011-06-01,261902
0,6.25,34,2011-06-01,145368
0,5.75,35,2011-06-01,79129
0,6.0,35,2011-06-01,225165
0,6.25,35,2011-06-01,286765
0,5.75,36,2011-06-01,242592
0,6.0,36,2011-06-01,209373
0,6.25,36,2011-06-01,248332
0,5.75,37,2011-06-01,11272
0,6.0,37,2011-06-01,40007
0,6.25,37,2011-06-01,26279
0,5.75,38,2011-06-01,196645
0,6.0,38,2011-06-01,110837
0,6.25,38,2011-06-01,215257
0,5.75,39,2011-06-01,143826
0,6.0,39,2011-06-01,118252
0,6.25,39,2011-06-01,47999
0,5.75,40,2011-06-01,90033
0,6.0,40,2011-06-01,119038
0,6.25,40,2011-06-01,117593
0,5.75,41,2011-06-01,256441
0,6.0,41,2011-06-01,234033
0,6.25,41,2011-06-01,170538
0,5.75,42,2011-06-01,276749
0,6.0,42,2011-06-01,51958
0,6.25,42,2011-06-01,76368
0,5.75,43,2011-06-01,136534
0,6.0,43,2011-06-01,24711
0,6.25,43,2011-06-01,117468
0,5.75,44,2011-06-01,4248
0,6.0,44,2011-06-01,186887
0,6.25,44,2011-06-01,89506
0,5.75,45,2011-06-01,271958
0,6.0,45,2011-06-01,272317
0,6.25,45,2011-06-01,65854
0,5.75,46,2011-06-01,201583
0,6.0,46,2011-06-01,77692
0,6.25,46,2011-06-02,51362
0,5.75,47,2011-06-02,96842
0,6.0,47,2011-06-02,222562
0,6.25,47,2011-06-02,85149
0,5.75,48,2011-06-02,96285
0,6.0,48,2011-06-02,211472
0,6.25,48,2011-06-02,95758
0,5.75,49,2011-06-02,134249
0,6.0,49,2011-06-03,127614
0,6.25,49,2011-06-03,210903
0,5.75,50,2011-06-03,226301
0,6.0,50,2011-06-03,283185
0,6.25,50,2011-06-06,159844
0,5.75,51,2011-06-06,33336
0,6.0,51,2011-06-06,267705
0,6.25,51,2011-06-06,80999
0,5.75,52,2011-06-06,50698
0,6.0,52,2011-06-06,39646
0,6.25,52,2011-06-06,266424
0,5.75,53,2011-06-06,128462
0,6.0,53,2011-06-06,250363
0,6.25,53,2011-06-06,50269
0,5.75,54,2011-06-07,285497
0,6.0,54,2011-06-07,136800
0,6.25,54,2011-06-07,166732
0,5.75,55,2011-06-07,206206
0,6.0,55,2011-06-07,250907
0,6.25,55,2011-06-07,44133
0,5.75,56,2011-06-07,276958
0,6.0,56,2011-06-07,245011
0,6.25,56,2011-06-08,138243
0,5.75,57,2011-06-08,220189
0,6.0,57,2011-06-08,279200
0,6.25,57,2011-06-09,174483
0,5.75,58,2011-06-09,110733
0,6.0,58,2011-06-09,152750
0,6.25,58,2011-06-09,54870
0,5.75,59,2011-06-10,262753
0,6.0,59,2011-06-10,144275
0,6.25,59,2011-06-10,216865
0,5.75,60,2011-06-10,230664
0,6.0,60,2011-06-10,22088
0,6.25,60,2011-06-10,269656
0,5.75,61,2011-06-10,258369
0,6.0,61,2011-06-10,93922
0,6.25,61,2011-06-10,241942
0,5.75,62,2011-06-10,6784
0,6.0,62,2011-06-10,54808
0,6.25,62,2011-06-10,195416
0,5.75,63,2011-06-11,227132
0,6.0,63,2011-06-13,228176
0,6.25,63,2011-06-13,111365
0,5.75,64,2011-06-13,51613
0,6.0,64,2011-06-13,214932
0,6.25,64,2011-06-13,45862
0,5.75,65,2011-06-14,205984
0,6.0,65,2011-06-15,133706
0,6.25,65,2011-06-15,38778
0,5.75,66,2011-06-15,250650
0,6.0,66,2011-06-15,188791
0,6.25,66,2011-06-15,165989
0,5.75,67,2011-06-15,220924
0,6.0,67,2011-06-15,257257
0,6.25,67,2011-06-15,44158
0,5.75,68,2011-06-15,156588
0,6.0,68,2011-06-15,124321
0,6.25,68,2011-06-15,149788
0,5.75,69,2011-06-15,76739
0,6.0,69,2011-06-15,215886
0,6.25,69,2011-06-15,253266
0,5.75,70,2011-06-15,45707
0,6.0,70,2011-06-15,97652
0,6.25,70,2011-06-15,32156
0,5.75,71,2011-06-15,212866
0,6.0,71,2011-06-15,21655
0,6.25,71,2011-06-15,227356
0,5.75,72,2011-06-15,57040
0,6.0,72,2011-06-15,239083
0,6.25,72,2011-06-16,237753
0,5.75,73,2011-06-17,101722
0,6.0,73,2011-06-18,147637
0,6.25,73,2011-06-18,109696
0,5.75,74,2011-06-20,261567
0,6.0,74,2011-06-20,130819
0,6.25,74,2011-06-20,216256
0,5.75,75,2011-06-20,5105
0,6.0,75,2011-06-20,249647
0,6.25,75,2011-06-20,274052
0,5.75,76,2011-06-20,207989
0,6.0,76,2011-06-20,238930
0,6.25,76,2011-06-20,252254
0,5.75,77,2011-06-20,74441
0,6.0,77,2011-06-20,163259
0,6.25,77,2011-06-20,42562
0,5.75,78,2011-06-20,236951
0,6.0,78,2011-06-20,199203
0,6.25,78,2011-06-20,213149
0,5.75,79,2011-06-20,121947
0,6.0,79,2011-06-20,197540
0,6.25,79,2011-06-20,285188
0,5.75,80,2011-06-20,147893
0,6.0,80,2011-06-21,68457
0,6.25,80,2011-06-21,140108
0,5.75,81,2011-06-21,21889
0,6.0,81,2011-06-22,218061
0,6.25,81,2011-06-22,200258
0,5.75,82,2011-06-22,51087
0,6.0,82,2011-06-22,219555
0,6.25,82,2011-06-22,159603
0,5.75,83,2011-06-23,80735
0,6.0,83,2011-06-23,209709
0,6.25,83,2011-06-23,55550
0,5.75,84,2011-06-24,58852
0,6.0,84,2011-06-24,59524
0,6.25,84,2011-06-25,7987
0,5.75,85,2011-06-25,208153
0,6.0,85,2011-06-25,150865
0,6.25,85,2011-06-27,65514
0,5.75,86,2011-06-27,152285
0,6.0,86,2011-06-27,198439
0,6.25,86,2011-06-29,32200
0,5.75,87,2011-06-29,50307
0,6.0,87,2011-06-29,224251
0,6.25,87,2011-06-30,164030
0,5.75,88,2011-06-30,193894
0,6.0,88,2011-06-30,122542
0,6.75,0,2011-07-01,58759
0,7.0,0,2011-07-01,244346
0,7.25,0,2011-07-01,34126
0,6.75,1,2011-07-01,189587
0,7.0,1,2011-07-01,262829
0,7.25,1,2011-07-01,92773
0,6.75,2,2011-07-01,117389
0,7.0,2,2011-07-01,59308
0,7.25,2,2011-07-01,282624
0,6.75,3,2011-07-01,80034
0,7.0,3,2011-07-01,134974
0,7.25,3,2011-07-01,83151
0,6.75,4,2011-07-01,243635
0,7.0,4,2011-07-01,20733
0,7.25,4,2011-07-01,182703
0,6.75,5,2011-07-01,12002
0,7.0,5,2011-07-01,234822
0,7.25,5,2011-07-01,186597
0,6.75,6,2011-07-01,9801
0,7.0,6,2011-07-01,99661
0,7.25,6,2011-07-01,99054
0,6.75,7,2011-07-01,205462
0,7.0,7,2011-07-01,30465
0,7.25,7,2011-07-01,103096
0,6.75,8,2011-07-01,222900
0,7.0,8,2011-07-01,87424
0,7.25,8,2011-07-01,101653
0,6.75,9,2011-07-01,127665
0,7.0,9,2011-07-01,98570
0,7.25,9,2011-07-01,245530
0,6.75,10,2011-07-01,8280
0,7.0,10,2011-07-01,256022
0,7.25,10,2011-07-01,198168
0,6.75,11,2011-07-01,117432
0,7.0,11,2011-07-01,161534
0,7.25,11,2011-07-01,63853
0,6.75,12,2011-07-01,94193
0,7.0,12,2011-07-01,157778
0,7.25,12,2011-07-01,201027
0,6.75,13,2011-07-01,147599
0,7.0,13,2011-07-01,284125
0,7.25,13,2011-07-01,116335
0,6.75,14,2011-07-01,187458
0,7.0,14,2011-07-01,285923
0,7.25,14,2011-07-01,38553
0,6.75,15,2011-07-01,68367
0,7.0,15,2011-07-01,16836
0,7.25,15,2011-07-01,156205
0,6.75,16,2011-07-01,81078
0,7.0,16,2011-07-01,274363
0,7.25,16,2011-07-01,217407
0,6.75,17,2011-07-01,210494
0,7.0,17,2011-07-01,178698
0,7.25,17,2011-07-01,132365
0,6.75,18,2011-07-01,248724
0,7.0,18,2011-07-01,138533
0,7.25,18,2011-07-01,227087
0,6.75,19,2011-07-01,129830
0,7.0,19,2011-07-01,3237
0,7.25,19,2011-07-01,97744
0,6.75,20,2011-07-01,4330
0,7.0,20,2011-07-01,138933
0,7.25,20,2011-07-01,154041
0,6.75,21,2011-07-01,253037
0,7.0,21,2011-07-01,8923
0,7.25,21,2011-07-01,167785
0,6.75,22,2011-07-01,256119
0,7.0,22,2011-07-01,208386
0,7.25,22,2011-07-01,48508
0,6.75,23,2011-07-01,280067
0,7.0,23,2011-07-01,45674
0,7.25,23,2011-07-01,274831
0,6.75,24,2011-07-01,196145
0,7.0,24,2011-07-01,226694
0,7.25,24,2011-07-01,170923
0,6.75,25,2011-07-01,59645
0,7.0,25,2011-07-01,156834
0,7.25,25,2011-07-01,156375
0,6.75,26,2011-07-01,64320
0,7.0,26,2011-07-01,201047
0,7.25,26,2011-07-01,28143
0,6.75,27,2011-07-01,171118
0,7.0,27,2011-07-01,140560
0,7.25,27,2011-07-01,8925
0,6.75,28,2011-07-01,64255
0,7.0,28,2011-07-01,73064
0,7.25,28,2011-07-01,49972
0,6.75,29,2011-07-01,85323
0,7.0,29,2011-07-01,276656
0,7.25,29,2011-07-01,271023
0,6.75,30,2011-07-01,39704
0,7.0,30,2011-07-01,255859
0,7.25,30,2011-07-01,77961
0,6.75,31,2011-07-01,56822
0,7.0,31,2011-07-01,251382
0,7.25,31,2011-07-01,138589
0,6.75,32,2011-07-01,199121
0,7.0,32,2011-07-01,59307
0,7.25,32,2011-07-01,149611
0,6.75,33,2011-07-01,208592
0,7.0,33,2011-07-01,258811
0,7.25,33,2011-07-01,67619
0,6.75,34,2011-07-01,221958
0,7.0,34,2011-07-01,276225
0,7.25,34,2011-07-01,192278
0,6.75,35,2011-07-01,59995
0,7.0,35,2011-07-01,169221
0,7.25,35,2011-07-01,224953
0,6.75,36,2011-07-01,133455
0,7.0,36,2011-07-01,36038
0,7.25,36,2011-07-01,272093
0,6.75,37,2011-07-01,59062
0,7.0,37,2011-07-01,123366
0,7.25,37,2011-07-01,198880
0,6.75,38,2011-07-01,126822
0,7.0,38,2011-07-01,213423
0,7.25,38,2011-07-01,58766
0,6.75,39,2011-07-01,267550
0,7.0,39,2011-07-01,215969
0,7.25,39,2011-07-01,143415
0,6.75,40,2011-07-01,223309
0,7.0,40,2011-07-01,158230
0,7.25,40,2011-07-01,21473
0,6.75,41,2011-07-01,123906
0,7.0,41,2011-07-01,215369
0,7.25,41,2011-07-01,70910
0,6.75,42,2011-07-01,19166
0,7.0,42,2011-07-01,109309
0,7.25,42,2011-07-01,148453
0,6.75,43,2011-07-01,226505
0,7.0,43,2011-07-01,49155
0,7.25,43,2011-07-01,42737
0,6.75,44,2011-07-01,221841
0,7.0,44,2011-07-01,216649
0,7.25,44,2011-07-01,173855
0,6.75,45,2011-07-01,84803
0,7.0,45,2011-07-01,120356
0,7.25,45,2011-07-01,269437
0,6.75,46,2011-07-01,190998
0,7.0,46,2011-07-01,28268
0,7.25,46,2011-07-01,222439
0,6.75,47,2011-07-01,268651
0,7.0,47,2011-07-01,233072
0,7.25,47,2011-07-01,109868
0,6.75,48,2011-07-01,190332
0,7.0,48,2011-07-02,207067
0,7.25,48,2011-07-02,267048
0,6.75,49,2011-07-02,241497
0,7.0,49,2011-07-02,228991
0,7.25,49,2011-07-02,197753
0,6.75,50,2011-07-02,59331
0,7.0,50,2011-07-02,147184
0,7.25,50,2011-07-02,213900
0,6.75,51,2011-07-02,31076
0,7.0,51,2011-07-04,31818
0,7.25,51,2011-07-04,116016
0,6.75,52,2011-07-04,37192
0,7.0,52,2011-07-04,155123
0,7.25,52,2011-07-04,218378
0,6.75,53,2011-07-04,37453
0,7.0,53,2011-07-04,276654
0,7.25,53,2011-07-04,119710
0,6.75,54,2011-07-04,80997
0,7.0,54,2011-07-04,282364
0,7.25,54,2011-07-04,10400
0,6.75,55,2011-07-04,76140
0,7.0,55,2011-07-04,183878
0,7.25,55,2011-07-04,273417
0,6.75,56,2011-07-05,196811
0,7.0,56,2011-07-05,149038
0,7.25,56,2011-07-05,223649
0,6.75,57,2011-07-05,20007
0,7.0,57,2011-07-05,195895
0,7.25,57,2011-07-06,193713
0,6.75,58,2011-07-06,96851
0,7.0,58,2011-07-06,124457
0,7.25,58,2011-07-06,275210
0,6.75,59,2011-07-06,122938
0,7.0,59,2011-07-06,101527
0,7.25,59,2011-07-07,243201
0,6.75,60,2011-07-07,218103
0,7.0,60,2011-07-07,61361
0,7.25,60,2011-07-07,164318
0,6.75,61,2011-07-07,204930
0,7.0,61,2011-07-07,251155
0,7.25,61,2011-07-07,138811
0,6.75,62,2011-07-07,234615
0,7.0,62,2011-07-08,77023
0,7.25,62,2011-07-08,177322
0,6.75,63,2011-07-08,176038
0,7.0,63,2011-07-09,236009
0,7.25,63,2011-07-09,266142
0,6.75,64,2011-07-09,229170
0,7.0,64,2011-07-10,118363
0,7.25,64,2011-07-10,248004
0,6.75,65,2011-07-11,190647
0,7.0,65,2011-07-11,150639
0,7.25,65,2011-07-11,156864
0,6.75,66,2011-07-11,150421
0,7.0,66,2011-07-11,33798
0,7.25,66,2011-07-11,25933
0,6.75,67,2011-07-11,116373
0,7.0,67,2011-07-11,40108
0,7.25,67,2011-07-11,25370
0,6.75,68,2011-07-11,105328
0,7.0,68,2011-07-11,3874
0,7.25,68,2011-07-11,206144
0,6.75,69,2011-07-12,255245
0,7.0,69,2011-07-12,170450
0,7.25,69,2011-07-12,252561
0,6.75,70,2011-07-12,98023
0,7.0,70,2011-07-13,160684
0,7.25,70,2011-07-13,119865
0,6.75,71,2011-07-13,90666
0,7.0,71,2011-07-13,64206
0,7.25,71,2011-07-13,63940
0,6.75,72,2011-07-14,135985
0,7.0,72,2011-07-14,37983
0,7.25,72,2011-07-14,284332
0,6.75,73,2011-07-14,199455
0,7.0,73,2011-07-15,198843
0,7.25,73,2011-07-15,198391
0,6.75,74,2011-07-15,69584
0,7.0,74,2011-07-15,199760
0,7.25,74,2011-07-15,164408
0,6.75,75,2011-07-15,276297
0,7.0,75,2011-07-15,204114
0,7.25,75,2011-07-15,248271
0,6.75,76,2011-07-15,107604
0,7.0,76,2011-07-15,16168
0,7.25,76,2011-07-15,85830
0,6.75,77,2011-07-15,95588
0,7.0,77,2011-07-16,84493
0,7.25,77,2011-07-16,166100
0,6.75,78,2011-07-16,204447
0,7.0,78,2011-07-18,167181
0,7.25,78,2011-07-18,163808
0,6.75,79,2011-07-18,200379
0,7.0,79,2011-07-18,81176
0,7.25,79,2011-07-18,99129
0,6.75,80,2011-07-18,160821
0,7.0,80,2011-07-18,171670
0,7.25,80,2011-07-18,51912
0,6.75,81,2011-07-18,222430
0,7.0,81,2011-07-18,210484
0,7.25,81,2011-07-18,176218
0,6.75,82,2011-07-18,189930
0,7.0,82,2011-07-19,286053
0,7.25,82,2011-07-19,218492
0,6.75,83,2011-07-19,105048
0,7.0,83,2011-07-19,49492
0,7.25,83,2011-07-19,190023
0,6.75,84,2011-07-20,256173
0,7.0,84,2011-07-20,110310
0,7.25,84,2011-07-20,231980
0,6.75,85,2011-07-20,14802
0,7.0,85,2011-07-20,247082
0,7.25,85,2011-07-20,69198
0,6.75,86,2011-07-20,201390
0,7.0,86,2011-07-20,205747
0,7.25,86,2011-07-20,7240
0,6.75,87,2011-07-20,107740
0,7.0,87,2011-07-20,112662
0,7.25,87,2011-07-21,274401
0,6.75,88,2011-07-21,180165
0,7.0,88,2011-07-21,202141
0,7.25,88,2011-07-21,49331
0,6.75,89,2011-07-22,146009
0,7.0,89,2011-07-22,142733
0,7.25,89,2011-07-22,145461
0,6.75,90,2011-07-22,38721
0,7.0,90,2011-07-22,144050
0,7.25,90,2011-07-22,201752
0,6.75,91,2011-07-25,68145
0,7.0,91,2011-07-25,253425
0,7.25,91,2011-07-25,202327
0,6.75,92,2011-07-25,129874
0,7.0,92,2011-07-26,125739
0,7.25,92,2011-07-26,129660
0,6.75,93,2011-07-27,48921
0,7.0,93,2011-07-27,44704
0,7.25,93,2011-07-28,34308
0,6.75,94,2011-07-28,217602
0,7.0,94,2011-07-29,199179
0,7.25,94,2011-07-29,193711
0,7.75,0,2011-08-01,153919
0,8.0,0,2011-08-01,44410
0,8.25,0,2011-08-01,95909
0,7.75,1,2011-08-01,145168
0,8.0,1,2011-08-01,94503
0,8.25,1,2011-08-01,73332
0,7.75,2,2011-08-01,144854
0,8.0,2,2011-08-01,98465
0,8.25,2,2011-08-01,199153
0,7.75,3,2011-08-01,152708
0,8.0,3,2011-08-01,276218
0,8.25,3,2011-08-01,267536
0,7.75,4,2011-08-01,107528
0,8.0,4,2011-08-01,28692
0,8.25,4,2011-08-01,123990
0,7.75,5,2011-08-01,271669
0,8.0,5,2011-08-01,195695
0,8.25,5,2011-08-01,129151
0,7.75,6,2011-08-01,142777
0,8.0,6,2011-08-01,114446
0,8.25,6,2011-08-01,23000
0,7.75,7,2011-08-01,147977
0,8.0,7,2011-08-01,157834
0,8.25,7,2011-08-01,141232
0,7.75,8,2011-08-01,43205
0,8.0,8,2011-08-01,129417
0,8.25,8,2011-08-01,167002
0,7.75,9,2011-08-01,149429
0,8.0,9,2011-08-01,263885
0,8.25,9,2011-08-01,234799
0,7.75,10,2011-08-01,35237
0,8.0,10,2011-08-01,196772
0,8.25,10,2011-08-01,31234
0,7.75,11,2011-08-01,36837
0,8.0,11,2011-08-01,262171
0,8.25,11,2011-08-01,253720
0,7.75,12,2011-08-01,169996
0,8.0,12,2011-08-01,260379
0,8.25,12,2011-08-01,84080
0,7.75,13,2011-08-01,221977
0,8.0,13,2011-08-01,112062
0,8.25,13,2011-08-01,92998
0,7.75,14,2011-08-01,60518
0,8.0,14,2011-08-01,100406
0,8.25,14,2011-08-01,121050
0,7.75,15,2011-08-01,136422
0,8.0,15,2011-08-01,168673
0,8.25,15,2011-08-01,141586
0,7.75,16,2011-08-01,219242
0,8.0,16,2011-08-01,175560
0,8.25,16,2011-08-01,188527
0,7.75,17,2011-08-01,253573
0,8.0,17,2011-08-01,153977
0,8.25,17,2011-08-01,188494
0,7.75,18,2011-08-01,134235
0,8.0,18,2011-08-01,95581
0,8.25,18,2011-08-01,207019
0,7.75,19,2011-08-01,56588
0,8.0,19,2011-08-01,181981
0,8.25,19,2011-08-01,116825
0,7.75,20,2011-08-01,51878
0,8.0,20,2011-08-01,47285
0,8.25,20,2011-08-01,278153
0,7.75,21,2011-08-01,18516
0,8.0,21,2011-08-01,21422
0,8.25,21,2011-08-01,14764
0,7.75,22,2011-08-01,257067
0,8.0,22,2011-08-01,284737
0,8.25,22,2011-08-01,67512
0,7.75,23,2011-08-01,5666
0,8.0,23,2011-08-01,17274
0,8.25,23,2011-08-01,8339
0,7.75,24,2011-08-01,224286
0,8.0,24,2011-08-01,71104
0,8.25,24,2011-08-01,273597
0,7.75,25,2011-08-01,16214
0,8.0,25,2011-08-01,195008
0,8.25,25,2011-08-01,263031
0,7.75,26,2011-08-01,41128
0,8.0,26,2011-08-01,21505
0,8.25,26,2011-08-01,251640
0,7.75,27,2011-08-01,101507
0,8.0,27,2011-08-01,227875
0,8.25,27,2011-08-01,108021
0,7.75,28,2011-08-01,240953
0,8.0,28,2011-08-01,144537
0,8.25,28,2011-08-01,133139
0,7.75,29,2011-08-01,127659
0,8.0,29,2011-08-01,209756
0,8.25,29,2011-08-01,186721
0,7.75,30,2011-08-01,89175
0,8.0,30,2011-08-01,13964
0,8.25,30,2011-08-01,416
0,7.75,31,2011-08-01,221572
0,8.0,31,2011-08-01,194204
0,8.25,31,2011-08-01,272741
0,7.75,32,2011-08-01,187013
0,8.0,32,2011-08-01,200020
0,8.25,32,2011-08-01,264567
0,7.75,33,2011-08-01,65268
0,8.0,33,2011-08-02,276034
0,8.25,33,2011-08-02,65175
0,7.75,34,2011-08-02,116183
0,8.0,34,2011-08-02,74028
0,8.25,34,2011-08-02,153716
0,7.75,35,2011-08-02,77969
0,8.0,35,2011-08-02,186211
0,8.25,35,2011-08-02,156218
0,7.75,36,2011-08-02,210290
0,8.0,36,2011-08-02,225867
0,8.25,36,2011-08-02,155820
0,7.75,37,2011-08-02,222729
0,8.0,37,2011-08-02,163287
0,8.25,37,2011-08-02,263279
0,7.75,38,2011-08-03,24543
0,8.0,38,2011-08-03,126600
0,8.25,38,2011-08-03,24003
0,7.75,39,2011-08-03,165408
0,8.0,39,2011-08-03,286152
0,8.25,39,2011-08-03,252094
0,7.75,40,2011-08-03,121112
0,8.0,40,2011-08-04,203747
0,8.25,40,2011-08-04,239363
0,7.75,41,2011-08-04,222473
0,8.0,41,2011-08-04,38031
0,8.25,41,2011-08-05,55491
0,7.75,42,2011-08-05,46990
0,8.0,42,2011-08-05,15056
0,8.25,42,2011-08-05,3916
0,7.75,43,2011-08-08,4750
0,8.0,43,2011-08-08,263055
0,8.25,43,2011-08-08,149213
0,7.75,44,2011-08-08,213317
0,8.0,44,2011-08-08,149789
0,8.25,44,2011-08-08,67243
0,7.75,45,2011-08-08,94149
0,8.0,45,2011-08-08,73501
0,8.25,45,2011-08-08,15519
0,7.75,46,2011-08-08,70185
0,8.0,46,2011-08-08,37321
0,8.25,46,2011-08-09,255944
0,7.75,47,2011-08-09,98159
0,8.0,47,2011-08-09,145682
0,8.25,47,2011-08-10,239214
0,7.75,48,2011-08-10,112770
0,8.0,48,2011-08-10,148523
0,8.25,48,2011-08-10,54002
0,7.75,49,2011-08-11,45016
0,8.0,49,2011-08-11,154175
0,8.25,49,2011-08-11,187759
0,7.75,50,2011-08-12,123621
0,8.0,50,2011-08-12,270227
0,8.25,50,2011-08-12,195433
0,7.75,51,2011-08-12,256891
0,8.0,51,2011-08-12,73825
0,8.25,51,2011-08-12,100392
0,7.75,52,2011-08-12,130046
0,8.0,52,2011-08-12,40339
0,8.25,52,2011-08-14,15032
0,7.75,53,2011-08-15,195277
0,8.0,53,2011-08-15,269055
0,8.25,53,2011-08-15,119432
0,7.75,54,2011-08-15,270346
0,8.0,54,2011-08-15,253182
0,8.25,54,2011-08-15,4732
0,7.75,55,2011-08-15,217063
0,8.0,55,2011-08-15,66583
0,8.25,55,2011-08-15,202896
0,7.75,56,2011-08-15,81612
0,8.0,56,2011-08-15,121335
0,8.25,56,2011-08-16,222321
0,7.75,57,2011-08-16,241351
0,8.0,57,2011-08-16,227339
0,8.25,57,2011-08-16,222444
0,7.75,58,2011-08-16,198328
0,8.0,58,2011-08-16,119607
0,8.25,58,2011-08-16,10332
0,7.75,59,2011-08-16,135498
0,8.0,59,2011-08-16,72550
0,8.25,59,2011-08-16,83860
0,7.75,60,2011-08-16,120419
0,8.0,60,2011-08-16,269003
0,8.25,60,2011-08-16,89441
0,7.75,61,2011-08-17,136365
0,8.0,61,2011-08-17,67074
0,8.25,61,2011-08-17,118202
0,7.75,62,2011-08-17,118802
0,8.0,62,2011-08-17,280728
0,8.25,62,2011-08-17,217575
0,7.75,63,2011-08-18,230102
0,8.0,63,2011-08-18,269140
0,8.25,63,2011-08-20,7870
0,7.75,64,2011-08-22,174427
0,8.0,64,2011-08-22,161385
0,8.25,64,2011-08-22,226387
0,7.75,65,2011-08-22,153013
0,8.0,65,2011-08-22,2714
0,8.25,65,2011-08-22,147170
0,7.75,66,2011-08-22,237457
0,8.0,66,2011-08-22,283587
0,8.25,66,2011-08-22,258762
0,7.75,67,2011-08-22,59605
0,8.0,67,2011-08-22,62260
0,8.25,67,2011-08-22,270225
0,7.75,68,2011-08-23,265391
0,8.0,68,2011-08-23,105219
0,8.25,68,2011-08-23,167786
0,7.75,69,2011-08-23,40072
0,8.0,69,2011-08-23,165686
0,8.25,69,2011-08-25,194376
0,7.75,70,2011-08-25,214646
0,8.0,70,2011-08-25,89125
0,8.25,70,2011-08-26,119310
0,7.75,71,2011-08-29,3267
0,8.0,71,2011-08-29,152158
0,8.25,71,2011-08-29,116721
0,7.75,72,2011-08-29,74746
0,8.0,72,2011-08-29,224997
0,8.25,72,2011-08-31,242361
0,8.75,0,2011-09-01,25163
0,9.0,0,2011-09-01,24259
0,9.25,0,2011-09-01,259702
0,8.75,1,2011-09-01,71340
0,9.0,1,2011-09-01,184377
0,9.25,1,2011-09-01,102414
0,8.75,2,2011-09-01,73888
0,9.0,2,2011-09-01,140680
0,9.25,2,2011-09-01,89803
0,8.75,3,2011-09-01,28847
0,9.0,3,2011-09-01,110373
0,9.25,3,2011-09-01,267302
0,8.75,4,2011-09-01,202346
0,9.0,4,2011-09-01,263000
0,9.25,4,2011-09-01,66400
0,8.75,5,2011-09-01,20422
0,9.0,5,2011-09-01,5445
0,9.25,5,2011-09-01,154349
0,8.75,6,2011-09-01,48344
0,9.0,6,2011-09-01,223584
0,9.25,6,2011-09-01,38481
0,8.75,7,2011-09-01,186787
0,9.0,7,2011-09-01,162433
0,9.25,7,2011-09-01,281553
0,8.75,8,2011-09-01,261044
0,9.0,8,2011-09-01,127110
0,9.25,8,2011-09-01,79043
0,8.75,9,2011-09-01,140882
0,9.0,9,2011-09-01,12899
0,9.25,9,2011-09-01,241575
0,8.75,10,2011-09-01,283966
0,9.0,10,2011-09-01,24341
0,9.25,10,2011-09-01,5276
0,8.75,11,2011-09-01,233976
0,9.0,11,2011-09-01,148177
0,9.25,11,2011-09-01,193366
0,8.75,12,2011-09-01,143436
0,9.0,12,2011-09-01,161891
0,9.25,12,2011-09-01,184548
0,8.75,13,2011-09-01,185765
0,9.0,13,2011-09-01,40381
0,9.25,13,2011-09-01,10143
0,8.75,14,2011-09-01,135366
0,9.0,14,2011-09-01,159533
0,9.25,14,2011-09-01,189614
0,8.75,15,2011-09-01,139964
0,9.0,15,2011-09-01,217074
0,9.25,15,2011-09-01,44795
0,8.75,16,2011-09-01,284971
0,9.0,16,2011-09-01,9012
0,9.25,16,2011-09-01,161961
0,8.75,17,2011-09-01,82644
0,9.0,17,2011-09-01,110480
0,9.25,17,2011-09-01,248059
0,8.75,18,2011-09-01,236047
0,9.0,18,2011-09-01,284336
0,9.25,18,2011-09-01,202189
0,8.75,19,2011-09-01,65016
0,9.0,19,2011-09-01,39115
0,9.25,19,2011-09-01,76865
0,8.75,20,2011-09-01,181731
0,9.0,20,2011-09-01,20072
0,9.25,20,2011-09-01,245864
0,8.75,21,2011-09-01,258139
0,9.0,21,2011-09-01,95688
0,9.25,21,2011-09-01,115585
0,8.75,22,2011-09-01,213378
0,9.0,22,2011-09-01,6919
0,9.25,22,2011-09-01,214300
0,8.75,23,2011-09-01,125349
0,9.0,23,2011-09-01,127579
0,9.25,23,2011-09-01,131582
0,8.75,24,2011-09-01,1758
0,9.0,24,2011-09-01,54313
0,9.25,24,2011-09-01,194225
0,8.75,25,2011-09-01,258773
0,9.0,25,2011-09-01,54028
0,9.25,25,2011-09-01,121780
0,8.75,26,2011-09-01,181413
0,9.0,26,2011-09-01,55517
0,9.25,26,2011-09-01,239268
0,8.75,27,2011-09-01,176378
0,9.0,27,2011-09-01,34125
0,9.25,27,2011-09-01,41126
0,8.75,28,2011-09-01,128545
0,9.0,28,2011-09-01,237541
0,9.25,28,2011-09-01,28784
0,8.75,29,2011-09-01,146086
0,9.0,29,2011-09-01,5388
0,9.25,29,2011-09-01,135731
0,8.75,30,2011-09-01,257697
0,9.0,30,2011-09-01,41029
0,9.25,30,2011-09-01,150082
0,8.75,31,2011-09-01,32950
0,9.0,31,2011-09-01,38892
0,9.25,31,2011-09-01,54122
0,8.75,32,2011-09-01,67425
0,9.0,32,2011-09-01,80739
0,9.25,32,2011-09-01,15244
0,8.75,33,2011-09-01,36912
0,9.0,33,2011-09-01,25718
0,9.25,33,2011-09-01,123991
0,8.75,34,2011-09-01,72424
0,9.0,34,2011-09-01,139355
0,9.25,34,2011-09-01,48467
0,8.75,35,2011-09-01,241457
0,9.0,35,2011-09-01,196635
0,9.25,35,2011-09-01,112003
0,8.75,36,2011-09-01,37378
0,9.0,36,2011-09-01,25900
0,9.25,36,2011-09-01,109953
0,8.75,37,2011-09-01,251398
0,9.0,37,2011-09-01,166410
0,9.25,37,2011-09-01,158126
0,8.75,38,2011-09-01,209779
0,9.0,38,2011-09-01,91875
0,9.25,38,2011-09-01,186218
0,8.75,39,2011-09-01,77728
0,9.0,39,2011-09-01,123826
0,9.25,39,2011-09-01,188418
0,8.75,40,2011-09-01,89233
0,9.0,40,2011-09-01,77503
0,9.25,40,2011-09-01,77531
0,8.75,41,2011-09-01,77395
0,9.0,41,2011-09-01,227920
0,9.25,41,2011-09-01,165080
0,8.75,42,2011-09-01,103513
0,9.0,42,2011-09-01,61165
0,9.25,42,2011-09-01,194300
0,8.75,43,2011-09-01,63854
0,9.0,43,2011-09-01,249885
0,9.25,43,2011-09-01,166640
0,8.75,44,2011-09-01,92300
0,9.0,44,2011-09-01,113503
0,9.25,44,2011-09-01,160847
0,8.75,45,2011-09-02,156532
0,9.0,45,2011-09-02,111247
0,9.25,45,2011-09-02,72810
0,8.75,46,2011-09-02,254821
0,9.0,46,2011-09-02,91317
0,9.25,46,2011-09-02,124860
0,8.75,47,2011-09-02,200886
0,9.0,47,2011-09-03,257307
0,9.25,47,2011-09-03,941
0,8.75,48,2011-09-05,60293
0,9.0,48,2011-09-05,16688
0,9.25,48,2011-09-05,239921
0,8.75,49,2011-09-05,272729
0,9.0,49,2011-09-05,102825
0,9.25,49,2011-09-05,271747
0,8.75,50,2011-09-05,13318
0,9.0,50,2011-09-05,201127
0,9.25,50,2011-09-05,262839
0,8.75,51,2011-09-05,7575
0,9.0,51,2011-09-05,172429
0,9.25,51,2011-09-05,108633
0,8.75,52,2011-09-05,157013
0,9.0,52,2011-09-05,173166
0,9.25,52,2011-09-06,139969
0,8.75,53,2011-09-06,127381
0,9.0,53,2011-09-06,244790
0,9.25,53,2011-09-06,54635
0,8.75,54,2011-09-07,43684
0,9.0,54,2011-09-07,181710
0,9.25,54,2011-09-07,176505
0,8.75,55,2011-09-07,143589
0,9.0,55,2011-09-07,98625
0,9.25,55,2011-09-07,33878
0,8.75,56,2011-09-07,55314
0,9.0,56,2011-09-07,106596
0,9.25,56,2011-09-07,153840
0,8.75,57,2011-09-08,67229
0,9.0,57,2011-09-08,51992
0,9.25,57,2011-09-08,135444
0,8.75,58,2011-09-08,26084
0,9.0,58,2011-09-08,118296
0,9.25,58,2011-09-09,54906
0,8.75,59,2011-09-09,77866
0,9.0,59,2011-09-09,273703
0,9.25,59,2011-09-09,234786
0,8.75,60,2011-09-09,243569
0,9.0,60,2011-09-10,26376
0,9.25,60,2011-09-10,62041
0,8.75,61,2011-09-10,90461
0,9.0,61,2011-09-10,86750
0,9.25,61,2011-09-11,10044
0,8.75,62,2011-09-12,125244
0,9.0,62,2011-09-12,188991
0,9.25,62,2011-09-12,266201
0,8.75,63,2011-09-12,9905
0,9.0,63,2011-09-12,123328
0,9.25,63,2011-09-12,92095
0,8.75,64,2011-09-12,28985
0,9.0,64,2011-09-12,253821
0,9.25,64,2011-09-12,197705
0,8.75,65,2011-09-12,17347
0,9.0,65,2011-09-12,118817
0,9.25,65,2011-09-12,271243
0,8.75,66,2011-09-12,182722
0,9.0,66,2011-09-12,180692
0,9.25,66,2011-09-13,104883
0,8.75,67,2011-09-13,216006
0,9.0,67,2011-09-14,30086
0,9.25,67,2011-09-14,74609
0,8.75,68,2011-09-14,252716
0,9.0,68,2011-09-14,5103
0,9.25,68,2011-09-14,126431
0,8.75,69,2011-09-14,115477
0,9.0,69,2011-09-14,201216
0,9.25,69,2011-09-14,255623
0,8.75,70,2011-09-14,151584
0,9.0,70,2011-09-15,20532
0,9.25,70,2011-09-15,236539
0,8.75,71,2011-09-15,201804
0,9.0,71,2011-09-15,104574
0,9.25,71,2011-09-15,3598
0,8.75,72,2011-09-15,262660
0,9.0,72,2011-09-15,148398
0,9.25,72,2011-09-15,201376
0,8.75,73,2011-09-15,175555
0,9.0,73,2011-09-15,130111
0,9.25,73,2011-09-15,3231
0,8.75,74,2011-09-15,157284
0,9.0,74,2011-09-15,141306
0,9.25,74,2011-09-15,200135
0,8.75,75,2011-09-15,239194
0,9.0,75,2011-09-15,137347
0,9.25,75,2011-09-15,128106
0,8.75,76,2011-09-15,38326
0,9.0,76,2011-09-15,121906
0,9.25,76,2011-09-15,89257
0,8.75,77,2011-09-15,176872
0,9.0,77,2011-09-16,103865
0,9.25,77,2011-09-16,151635
0,8.75,78,2011-09-17,155443
0,9.0,78,2011-09-19,68146
0,9.25,78,2011-09-19,1760
0,8.75,79,2011-09-19,179140
0,9.0,79,2011-09-19,77203
0,9.25,79,2011-09-19,138392
0,8.75,80,2011-09-19,229177
0,9.0,80,2011-09-19,62981
0,9.25,80,2011-09-19,69923
0,8.75,81,2011-09-19,101146
0,9.0,81,2011-09-20,209233
0,9.25,81,2011-09-20,211049
0,8.75,82,2011-09-20,98494
0,9.0,82,2011-09-20,101810
0,9.25,82,2011-09-20,194444
0,8.75,83,2011-09-20,128937
0,9.0,83,2011-09-20,242495
0,9.25,83,2011-09-21,166168
0,8.75,84,2011-09-21,116995
0,9.0,84,2011-09-21,132611
0,9.25,84,2011-09-21,100354
0,8.75,85,2011-09-21,216245
0,9.0,85,2011-09-22,130521
0,9.25,85,2011-09-22,26644
0,8.75,86,2011-09-22,97511
0,9.0,86,2011-09-22,152047
0,9.25,86,2011-09-23,201458
0,8.75,87,2011-09-23,189591
0,9.0,87,2011-09-26,62304
0,9.25,87,2011-09-26,139042
0,8.75,88,2011-09-26,136116
0,9.0,88,2011-09-26,152907
0,9.25,88,2011-09-26,261596
0,8.75,89,2011-09-27,55163
0,9.0,89,2011-09-28,171371
0,9.25,89,2011-09-29,193760
0,8.75,90,2011-09-29,43031
0,9.0,90,2011-09-29,215553
0,9.25,90,2011-09-30,110947
0,8.75,91,2011-09-30,173643
0,9.0,91,2011-09-30,228598
0,9.75,0,2011-10-01,4663
0,10.0,0,2011-10-01,217277
0,10.25,0,2011-10-01,83923
0,9.75,1,2011-10-01,6233
0,10.0,1,2011-10-01,215375
0,10.25,1,2011-10-01,69593
0,9.75,2,2011-10-01,82249
0,10.0,2,2011-10-01,133892
0,10.25,2,2011-10-01,68181
0,9.75,3,2011-10-01,78049
0,10.0,3,2011-10-01,131340
0,10.25,3,2011-10-01,121667
0,9.75,4,2011-10-01,183251
0,10.0,4,2011-10-01,20596
0,10.25,4,2011-10-01,209107
0,9.75,5,2011-10-01,101901
0,10.0,5,2011-10-01,16716
0,10.25,5,2011-10-01,224081
0,9.75,6,2011-10-01,255150
0,10.0,6,2011-10-01,27118
0,10.25,6,2011-10-01,170704
0,9.75,7,2011-10-01,252098
0,10.0,7,2011-10-01,231416
0,10.25,7,2011-10-01,178505
0,9.75,8,2011-10-01,11351
0,10.0,8,2011-10-01,73830
0,10.25,8,2011-10-01,267882
0,9.75,9,2011-10-01,274206
0,10.0,9,2011-10-01,86327
0,10.25,9,2011-10-01,52974
0,9.75,10,2011-10-01,41104
0,10.0,10,2011-10-01,179208
0,10.25,10,2011-10-01,185219
0,9.75,11,2011-10-01,16342
0,10.0,11,2011-10-01,69753
0,10.25,11,2011-10-01,32195
0,9.75,12,2011-10-01,57246
0,10.0,12,2011-10-01,157606
0,10.25,12,2011-10-01,174917
0,9.75,13,2011-10-01,167432
0,10.0,13,2011-10-01,168387
0,10.25,13,2011-10-01,64023
0,9.75,14,2011-10-01,127268
0,10.0,14,2011-10-01,100970
0,10.25,14,2011-10-01,156763
0,9.75,15,2011-10-01,234254
0,10.0,15,2011-10-01,210068
0,10.25,15,2011-10-01,247709
0,9.75,16,2011-10-01,94814
0,10.0,16,2011-10-01,155816
0,10.25,16,2011-10-01,260985
0,9.75,17,2011-10-01,160656
0,10.0,17,2011-10-01,110844
0,10.25,17,2011-10-01,194079
0,9.75,18,2011-10-01,99330
0,10.0,18,2011-10-01,246872
0,10.25,18,2011-10-01,215128
0,9.75,19,2011-10-01,169253
0,10.0,19,2011-10-01,68124
0,10.25,19,2011-10-01,188275
0,9.75,20,2011-10-01,52608
0,10.0,20,2011-10-01,240260
0,10.25,20,2011-10-01,187320
0,9.75,21,2011-10-01,236778
0,10.0,21,2011-10-01,92772
0,10.25,21,2011-10-01,283811
0,9.75,22,2011-10-01,168268
0,10.0,22,2011-10-01,253641
0,10.25,22,2011-10-01,214651
0,9.75,23,2011-10-01,126319
0,10.0,23,2011-10-01,281641
0,10.25,23,2011-10-01,239421
0,9.75,24,2011-10-01,253942
0,10.0,24,2011-10-01,256166
0,10.25,24,2011-10-01,106378
0,9.75,25,2011-10-01,278370
0,10.0,25,2011-10-01,279209
0,10.25,25,2011-10-01,22101
0,9.75,26,2011-10-01,241093
0,10.0,26,2011-10-01,58196
0,10.25,26,2011-10-01,148102
0,9.75,27,2011-10-01,218341
0,10.0,27,2011-10-01,79527
0,10.25,27,2011-10-01,98062
0,9.75,28,2011-10-01,116878
0,10.0,28,2011-10-01,108125
0,10.25,28,2011-10-01,230714
0,9.75,29,2011-10-01,205444
0,10.0,29,2011-10-01,89289
0,10.25,29,2011-10-01,59808
0,9.75,30,2011-10-01,255974
0,10.0,30,2011-10-01,148186
0,10.25,30,2011-10-01,240019
0,9.75,31,2011-10-02,138955
0,10.0,31,2011-10-02,277582
0,10.25,31,2011-10-03,279734
0,9.75,32,2011-10-03,227678
0,10.0,32,2011-10-03,251392
0,10.25,32,2011-10-03,279490
0,9.75,33,2011-10-03,118602
0,10.0,33,2011-10-03,163069
0,10.25,33,2011-10-03,140663
0,9.75,34,2011-10-03,255557
0,10.0,34,2011-10-03,33982
0,10.25,34,2011-10-03,66702
0,9.75,35,2011-10-03,259963
0,10.0,35,2011-10-03,94951
0,10.25,35,2011-10-03,156704
0,9.75,36,2011-10-03,82273
0,10.0,36,2011-10-03,138882
0,10.25,36,2011-10-03,72877
0,9.75,37,2011-10-03,229956
0,10.0,37,2011-10-03,69416
0,10.25,37,2011-10-03,90472
0,9.75,38,2011-10-03,263347
0,10.0,38,2011-10-03,281963
0,10.25,38,2011-10-03,50712
0,9.75,39,2011-10-03,231785
0,10.0,39,2011-10-03,159786
0,10.25,39,2011-10-03,141015
0,9.75,40,2011-10-03,157447
0,10.0,40,2011-10-03,8904
0,10.25,40,2011-10-03,78859
0,9.75,41,2011-10-03,200167
0,10.0,41,2011-10-03,51013
0,10.25,41,2011-10-03,217040
0,9.75,42,2011-10-03,268884
0,10.0,42,2011-10-03,244260
0,10.25,42,2011-10-04,222104
0,9.75,43,2011-10-04,31107
0,10.0,43,2011-10-04,104436
0,10.25,43,2011-10-04,112877
0,9.75,44,2011-10-04,219741
0,10.0,44,2011-10-05,30187
0,10.25,44,2011-10-05,220817
0,9.75,45,2011-10-05,127828
0,10.0,45,2011-10-05,88077
0,10.25,45,2011-10-05,44669
0,9.75,46,2011-10-05,142010
0,10.0,46,2011-10-05,162941
0,10.25,46,2011-10-05,190552
0,9.75,47,2011-10-06,152233
0,10.0,47,2011-10-06,83338
0,10.25,47,2011-10-06,156015
0,9.75,48,2011-10-06,138127
0,10.0,48,2011-10-07,279419
0,10.25,48,2011-10-07,27540
0,9.75,49,2011-10-07,146538
0,10.0,49,2011-10-07,129025
0,10.25,49,2011-10-07,211165
0,9.75,50,2011-10-07,268281
0,10.0,50,2011-10-07,114007
0,10.25,50,2011-10-07,210451
0,9.75,51,2011-10-07,225952
0,10.0,51,2011-10-08,123986
0,10.25,51,2011-10-10,67196
0,9.75,52,2011-10-10,90255
0,10.0,52,2011-10-10,108787
0,10.25,52,2011-10-10,6119
0,9.75,53,2011-10-10,41266
0,10.0,53,2011-10-10,11503
0,10.25,53,2011-10-10,282669
0,9.75,54,2011-10-10,93956
0,10.0,54,2011-10-10,56689
0,10.25,54,2011-10-10,198728
0,9.75,55,2011-10-10,258535
0,10.0,55,2011-10-10,251141
0,10.25,55,2011-10-10,133265
0,9.75,56,2011-10-10,147850
0,10.0,56,2011-10-10,157108
0,10.25,56,2011-10-10,210639
0,9.75,57,2011-10-10,241542
0,10.0,57,2011-10-11,67991
0,10.25,57,2011-10-11,54390
0,9.75,58,2011-10-11,38810
0,10.0,58,2011-10-11,16351
0,10.25,58,2011-10-11,74186
0,9.75,59,2011-10-11,234585
0,10.0,59,2011-10-12,149066
0,10.25,59,2011-10-12,75824
0,9.75,60,2011-10-12,16425
0,10.0,60,2011-10-12,160786
0,10.25,60,2011-10-12,214959
0,9.75,61,2011-10-12,35590
0,10.0,61,2011-10-13,262322
0,10.25,61,2011-10-13,188760
0,9.75,62,2011-10-13,118775
0,10.0,62,2011-10-14,44653
0,10.25,62,2011-10-14,201519
0,9.75,63,2011-10-14,63411
0,10.0,63,2011-10-14,144172
0,10.25,63,2011-10-14,257545
0,9.75,64,2011-10-14,177255
0,10.0,64,2011-10-14,18016
0,10.25,64,2011-10-14,269693
0,9.75,65,2011-10-14,7533
0,10.0,65,2011-10-14,191565
0,10.25,65,2011-10-15,15110
0,9.75,66,2011-10-15,206765
0,10.0,66,2011-10-15,134394
0,10.25,66,2011-10-15,202803
0,9.75,67,2011-10-15,135550
0,10.0,67,2011-10-15,17690
0,10.25,67,2011-10-15,9893
0,9.75,68,2011-10-15,23585
0,10.0,68,2011-10-15,188565
0,10.25,68,2011-10-15,88147
0,9.75,69,2011-10-15,189848
0,10.0,69,2011-10-16,162813
0,10.25,69,2011-10-16,262458
0,9.75,70,2011-10-17,107767
0,10.0,70,2011-10-17,54461
0,10.25,70,2011-10-17,20135
0,9.75,71,2011-10-17,184729
0,10.0,71,2011-10-17,219745
0,10.25,71,2011-10-17,144445
0,9.75,72,2011-10-17,104391
0,10.0,72,2011-10-17,93134
0,10.25,72,2011-10-17,283806
0,9.75,73,2011-10-17,224421
0,10.0,73,2011-10-17,173062
0,10.25,73,2011-10-17,78725
0,9.75,74,2011-10-17,104807
0,10.0,74,2011-10-17,153816
0,10.25,74,2011-10-17,169984
0,9.75,75,2011-10-17,232056
0,10.0,75,2011-10-17,179988
0,10.25,75,2011-10-18,240338
0,9.75,76,2011-10-18,114665
0,10.0,76,2011-10-19,131250
0,10.25,76,2011-10-19,39753
0,9.75,77,2011-10-19,187549
0,10.0,77,2011-10-19,187553
0,10.25,77,2011-10-20,23450
0,9.75,78,2011-10-20,114238
0,10.0,78,2011-10-20,49502
0,10.25,78,2011-10-20,82741
0,9.75,79,2011-10-20,209822
0,10.0,79,2011-10-20,45148
0,10.25,79,2011-10-20,144003
0,9.75,80,2011-10-20,138108
0,10.0,80,2011-10-20,234453
0,10.25,80,2011-10-21,274101
0,9.75,81,2011-10-21,237216
0,10.0,81,2011-10-21,269555
0,10.25,81,2011-10-21,144163
0,9.75,82,2011-10-21,242758
0,10.0,82,2011-10-24,130987
0,10.25,82,2011-10-24,279005
0,9.75,83,2011-10-24,59913
0,10.0,83,2011-10-24,93291
0,10.25,83,2011-10-24,101746
0,9.75,84,2011-10-24,205152
0,10.0,84,2011-10-25,197063
0,10.25,84,2011-10-25,274402
0,9.75,85,2011-10-26,113116
0,10.0,85,2011-10-26,158977
0,10.25,85,2011-10-26,91818
0,9.75,86,2011-10-26,135453
0,10.0,86,2011-10-27,277048
0,10.25,86,2011-10-28,32752
0,9.75,87,2011-10-28,94936
0,10.0,87,2011-10-31,29423
0,10.25,87,2011-10-31,67870
0,9.75,88,2011-10-31,212111
0,10.75,0,2011-11-01,7803
0,11.0,0,2011-11-01,282148
0,11.25,0,2011-11-01,28707
0,10.75,1,2011-11-01,76872
0,11.0,1,2011-11-01,239978
0,11.25,1,2011-11-01,181698
0,10.75,2,2011-11-01,163992
0,11.0,2,2011-11-01,131241
0,11.25,2,2011-11-01,280719
0,10.75,3,2011-11-01,245971
0,11.0,3,2011-11-01,90447
0,11.25,3,2011-11-01,141576
0,10.75,4,2011-11-01,213593
0,11.0,4,2011-11-01,78199
0,11.25,4,2011-11-01,270407
0,10.75,5,2011-11-01,276831
0,11.0,5,2011-11-01,185514
0,11.25,5,2011-11-01,51414
0,10.75,6,2011-11-01,286420
0,11.0,6,2011-11-01,16094
0,11.25,6,2011-11-01,102222
0,10.75,7,2011-11-01,18229
0,11.0,7,2011-11-01,266726
0,11.25,7,2011-11-01,205490
0,10.75,8,2011-11-01,174239
0,11.0,8,2011-11-01,244801
0,11.25,8,2011-11-01,199064
0,10.75,9,2011-11-01,122928
0,11.0,9,2011-11-01,117658
0,11.25,9,2011-11-01,12073
0,10.75,10,2011-11-01,277791
0,11.0,10,2011-11-01,151260
0,11.25,10,2011-11-01,149333
0,10.75,11,2011-11-01,284826
0,11.0,11,2011-11-01,234306
0,11.25,11,2011-11-01,170675
0,10.75,12,2011-11-01,200231
0,11.0,12,2011-11-01,74928
0,11.25,12,2011-11-01,228612
0,10.75,13,2011-11-01,12831
0,11.0,13,2011-11-01,16349
0,11.25,13,2011-11-01,233213
0,10.75,14,2011-11-01,229296
0,11.0,14,2011-11-01,265604
0,11.25,14,2011-11-01,10752
0,10.75,15,2011-11-01,113741
0,11.0,15,2011-11-01,234839
0,11.25,15,2011-11-01,56119
0,10.75,16,2011-11-01,62953
0,11.0,16,2011-11-01,64853
0,11.25,16,2011-11-01,129974
0,10.75,17,2011-11-01,255613
0,11.0,17,2011-11-01,171643
0,11.25,17,2011-11-01,203926
0,10.75,18,2011-11-01,227206
0,11.0,18,2011-11-01,181138
0,11.25,18,2011-11-01,282147
0,10.75,19,2011-11-01,135864
0,11.0,19,2011-11-01,270377
0,11.25,19,2011-11-01,143149
0,10.75,20,2011-11-01,1330
0,11.0,20,2011-11-01,272300
0,11.25,20,2011-11-01,50812
0,10.75,21,2011-11-01,182831
0,11.0,21,2011-11-02,128035
0,11.25,21,2011-11-02,158220
0,10.75,22,2011-11-02,140355
0,11.0,22,2011-11-02,243744
0,11.25,22,2011-11-02,99027
0,10.75,23,2011-11-02,126676
0,11.0,23,2011-11-02,5173
0,11.25,23,2011-11-02,110071
0,10.75,24,2011-11-02,62826
0,11.0,24,2011-11-02,207750
0,11.25,24,2011-11-02,208506
0,10.75,25,2011-11-02,176099
0,11.0,25,2011-11-02,4160
0,11.25,25,2011-11-02,176817
0,10.75,26,2011-11-02,151893
0,11.0,26,2011-11-02,150540
0,11.25,26,2011-11-02,243163
0,10.75,27,2011-11-02,210041
0,11.0,27,2011-11-02,226307
0,11.25,27,2011-11-02,271633
0,10.75,28,2011-11-02,249692
0,11.0,28,2011-11-02,223427
0,11.25,28,2011-11-02,285083
0,10.75,29,2011-11-02,171096
0,11.0,29,2011-11-02,1898
0,11.25,29,2011-11-02,51070
0,10.75,30,2011-11-02,260223
0,11.0,30,2011-11-02,159871
0,11.25,30,2011-11-02,93279
0,10.75,31,2011-11-02,173936
0,11.0,31,2011-11-02,170516
0,11.25,31,2011-11-03,94590
0,10.75,32,2011-11-03,244308
0,11.0,32,2011-11-03,126353
0,11.25,32,2011-11-03,54104
0,10.75,33,2011-11-03,145483
0,11.0,33,2011-11-03,24809
0,11.25,33,2011-11-03,31590
0,10.75,34,2011-11-03,36420
0,11.0,34,2011-11-03,21706
0,11.25,34,2011-11-03,99198
0,10.75,35,2011-11-03,23145
0,11.0,35,2011-11-03,219425
0,11.25,35,2011-11-04,258898
0,10.75,36,2011-11-04,193051
0,11.0,36,2011-11-04,157835
0,11.25,36,2011-11-04,18361
0,10.75,37,2011-11-04,139782
0,11.0,37,2011-11-05,194001
0,11.25,37,2011-11-06,216581
0,10.75,38,2011-11-06,269947
0,11.0,38,2011-11-07,215125
0,11.25,38,2011-11-07,261018
0,10.75,39,2011-11-07,99991
0,11.0,39,2011-11-07,189774
0,11.25,39,2011-11-07,116933
0,10.75,40,2011-11-07,281958
0,11.0,40,2011-11-07,59924
0,11.25,40,2011-11-07,283533
0,10.75,41,2011-11-07,75057
0,11.0,41,2011-11-07,119137
0,11.25,41,2011-11-07,7082
0,10.75,42,2011-11-07,233060
0,11.0,42,2011-11-08,54674
0,11.25,42,2011-11-08,149070
0,10.75,43,2011-11-08,136641
0,11.0,43,2011-11-09,77049
0,11.25,43,2011-11-09,265353
0,10.75,44,2011-11-09,101948
0,11.0,44,2011-11-10,152010
0,11.25,44,2011-11-10,148826
0,10.75,45,2011-11-10,152455
0,11.0,45,2011-11-10,192042
0,11.25,45,2011-11-10,45966
0,10.75,46,2011-11-10,216566
0,11.0,46,2011-11-10,158554
0,11.25,46,2011-11-10,97212
0,10.75,47,2011-11-10,248764
0,11.0,47,2011-11-10,148788
0,11.25,47,2011-11-11,5071
0,10.75,48,2011-11-12,136084
0,11.0,48,2011-11-14,45009
0,11.25,48,2011-11-14,233675
0,10.75,49,2011-11-14,24705
0,11.0,49,2011-11-14,169690
0,11.25,49,2011-11-14,234535
0,10.75,50,2011-11-14,272616
0,11.0,50,2011-11-15,30764
0,11.25,50,2011-11-15,199190
0,10.75,51,2011-11-15,235416
0,11.0,51,2011-11-15,13306
0,11.25,51,2011-11-15,181003
0,10.75,52,2011-11-15,161981
0,11.0,52,2011-11-15,98812
0,11.25,52,2011-11-15,7569
0,10.75,53,2011-11-15,2740
0,11.0,53,2011-11-15,5741
0,11.25,53,2011-11-15,88829
0,10.75,54,2011-11-15,214278
0,11.0,54,2011-11-15,271074
0,11.25,54,2011-11-15,55786
0,10.75,55,2011-11-15,222336
0,11.0,55,2011-11-15,174586
0,11.25,55,2011-11-16,102733
0,10.75,56,2011-11-16,58732
0,11.0,56,2011-11-16,55934
0,11.25,56,2011-11-16,112239
0,10.75,57,2011-11-16,13340
0,11.0,57,2011-11-17,186086
0,11.25,57,2011-11-17,215275
0,10.75,58,2011-11-17,95481
0,11.0,58,2011-11-17,216839
0,11.25,58,2011-11-17,41133
0,10.75,59,2011-11-18,109544
0,11.0,59,2011-11-18,77747
0,11.25,59,2011-11-18,237570
0,10.75,60,2011-11-20,51900
0,11.0,60,2011-11-20,286331
0,11.25,60,2011-11-20,13509
0,10.75,61,2011-11-21,84147
0,11.0,61,2011-11-21,265966
0,11.25,61,2011-11-21,229361
0,10.75,62,2011-11-21,165888
0,11.0,62,2011-11-21,9592
0,11.25,62,2011-11-21,140615
0,10.75,63,2011-11-22,249359
0,11.0,63,2011-11-22,56181
0,11.25,63,2011-11-22,214873
0,10.75,64,2011-11-22,156105
0,11.0,64,2011-11-23,231711
0,11.25,64,2011-11-23,133738
0,10.75,65,2011-11-24,129540
0,11.0,65,2011-11-24,193072
0,11.25,65,2011-11-24,81781
0,10.75,66,2011-11-24,64689
0,11.0,66,2011-11-24,216882
0,11.25,66,2011-11-25,125075
0,10.75,67,2011-11-28,220559
0,11.0,67,2011-11-28,256255
0,11.25,67,2011-11-28,146563
0,10.75,68,2011-11-29,284446
0,11.0,68,2011-11-30,273128
0,11.25,68,2011-11-30,220882
0,10.75,69,2011-11-30,46515
0,11.75,0,2011-12-01,221243
0,12.0,0,2011-12-01,52150
0,12.25,0,2011-12-01,15516
0,11.75,1,2011-12-01,183274
0,12.0,1,2011-12-01,173820
0,12.25,1,2011-12-01,140107
0,11.75,2,2011-12-01,272082
0,12.0,2,2011-12-01,208336
0,12.25,2,2011-12-01,246163
0,11.75,3,2011-12-01,148896
0,12.0,3,2011-12-01,76325
0,12.25,3,2011-12-01,35734
0,11.75,4,2011-12-01,37720
0,12.0,4,2011-12-01,261642
0,12.25,4,2011-12-01,216687
0,11.75,5,2011-12-01,203616
0,12.0,5,2011-12-01,192985
0,12.25,5,2011-12-01,250462
0,11.75,6,2011-12-01,285590
0,12.0,6,2011-12-01,284903
0,12.25,6,2011-12-01,277394
0,11.75,7,2011-12-01,16225
0,12.0,7,2011-12-01,179594
0,12.25,7,2011-12-01,4084
0,11.75,8,2011-12-01,129042
0,12.0,8,2011-12-01,67658
0,12.25,8,2011-12-01,22000
0,11.75,9,2011-12-01,160433
0,12.0,9,2011-12-01,45613
0,12.25,9,2011-12-01,102115
0,11.75,10,2011-12-01,104309
0,12.0,10,2011-12-01,21695
0,12.25,10,2011-12-01,14189
0,11.75,11,2011-12-01,281889
0,12.0,11,2011-12-01,204373
0,12.25,11,2011-12-01,151018
0,11.75,12,2011-12-01,168323
0,12.0,12,2011-12-01,211434
0,12.25,12,2011-12-01,247900
0,11.75,13,2011-12-01,73146
0,12.0,13,2011-12-01,94831
0,12.25,13,2011-12-01,163464
0,11.75,14,2011-12-01,148113
0,12.0,14,2011-12-01,229636
0,12.25,14,2011-12-01,230914
0,11.75,15,2011-12-01,264495
0,12.0,15,2011-12-01,4709
0,12.25,15,2011-12-01,50016
0,11.75,16,2011-12-01,164242
0,12.0,16,2011-12-01,163276
0,12.25,16,2011-12-01,126334
0,11.75,17,2011-12-01,234479
0,12.0,17,2011-12-01,72776
0,12.25,17,2011-12-01,5689
0,11.75,18,2011-12-01,232776
0,12.0,18,2011-12-01,40423
0,12.25,18,2011-12-01,137120
0,11.75,19,2011-12-01,282532
0,12.0,19,2011-12-01,106261
0,12.25,19,2011-12-01,169710
0,11.75,20,2011-12-01,53736
0,12.0,20,2011-12-01,161787
0,12.25,20,2011-12-01,8287
0,11.75,21,2011-12-01,23432
0,12.0,21,2011-12-01,184266
0,12.25,21,2011-12-01,15425
0,11.75,22,2011-12-01,86655
0,12.0,22,2011-12-01,203051
0,12.25,22,2011-12-01,188032
0,11.75,23,2011-12-01,280370
0,12.0,23,2011-12-01,194639
0,12.25,23,2011-12-01,67504
0,11.75,24,2011-12-01,91358
0,12.0,24,2011-12-01,188535
0,12.25,24,2011-12-01,87763
0,11.75,25,2011-12-01,229184
0,12.0,25,2011-12-01,44103
0,12.25,25,2011-12-01,170635
0,11.75,26,2011-12-01,97352
0,12.0,26,2011-12-01,202727
0,12.25,26,2011-12-01,130730
0,11.75,27,2011-12-01,12908
0,12.0,27,2011-12-01,207806
0,12.25,27,2011-12-01,111360
0,11.75,28,2011-12-01,282681
0,12.0,28,2011-12-01,283823
0,12.25,28,2011-12-01,156072
0,11.75,29,2011-12-01,184719
0,12.0,29,2011-12-01,24818
0,12.25,29,2011-12-01,119301
0,11.75,30,2011-12-01,41286
0,12.0,30,2011-12-02,204541
0,12.25,30,2011-12-02,66236
0,11.75,31,2011-12-02,248340
0,12.0,31,2011-12-02,136282
0,12.25,31,2011-12-02,16220
0,11.75,32,2011-12-02,89654
0,12.0,32,2011-12-05,147954
0,12.25,32,2011-12-05,55827
0,11.75,33,2011-12-05,167449
0,12.0,33,2011-12-05,52727
0,12.25,33,2011-12-06,155310
0,11.75,34,2011-12-06,216718
0,12.0,34,2011-12-07,191133
0,12.25,34,2011-12-08,42339
0,11.75,35,2011-12-09,9882
0,12.0,35,2011-12-10,162324
0,12.25,35,2011-12-10,225625
0,11.75,36,2011-12-10,221810
0,12.0,36,2011-12-10,23413
0,12.25,36,2011-12-12,27114
0,11.75,37,2011-12-12,224327
0,12.0,37,2011-12-12,62691
0,12.25,37,2011-12-12,135905
0,11.75,38,2011-12-12,72278
0,12.0,38,2011-12-12,73745
0,12.25,38,2011-12-13,215743
0,11.75,39,2011-12-14,69727
0,12.0,39,2011-12-14,117001
0,12.25,39,2011-12-14,200846
0,11.75,40,2011-12-15,226229
0,12.0,40,2011-12-15,46617
0,12.25,40,2011-12-15,94997
0,11.75,41,2011-12-15,144563
0,12.0,41,2011-12-15,3077
0,12.25,41,2011-12-15,115147
0,11.75,42,2011-12-16,114345
0,12.0,42,2011-12-16,74461
0,12.25,42,2011-12-16,144872
0,11.75,43,2011-12-19,222131
0,12.0,43,2011-12-19,167596
0,12.25,43,2011-12-19,150163
0,11.75,44,2011-12-19,143347
0,12.0,44,2011-12-19,124018
0,12.25,44,2011-12-20,165581
0,11.75,45,2011-12-20,214880
0,12.0,45,2011-12-20,100101
0,12.25,45,2011-12-20,105906
0,11.75,46,2011-12-20,76626
0,12.0,46,2011-12-20,60490
0,12.25,46,2011-12-20,163516
0,11.75,47,2011-12-20,108227
0,12.0,47,2011-12-21,1355
0,12.25,47,2011-12-21,192454
0,11.75,48,2011-12-21,25436
0,12.0,48,2011-12-21,46265
0,12.25,48,2011-12-22,170656
0,11.75,49,2011-12-22,197306
0,12.0,49,2011-12-22,172771
0,12.25,49,2011-12-22,71893
0,11.75,50,2011-12-23,66918
0,12.0,50,2011-12-27,17117
0,12.25,50,2011-12-27,195620
0,11.75,51,2011-12-27,135344
0,12.0,51,2011-12-28,206071
0,12.25,51,2011-12-28,93197
0,11.75,52,2011-12-28,61510
0,12.0,52,2011-12-28,190737
0,12.25,52,2011-12-29,6139
0,11.75,53,2011-12-29,157771
0,12.0,53,2011-12-30,194138
0,12.25,53,2011-12-30,222349
0,11.75,54,2011-12-30,56327
0,12.0,54,2011-12-30,196243
0,12.25,54,2011-12-31,185642
